aadhaar_dispute_case~|~SP-001 — Aadhaar Dispute Case~|~SP-001 — ఆధార్ వివాద కేసు
aadhaar_id_reference~|~Aadhaar / ID Reference~|~ఆధార్ / ఐడి సూచన
aadhaar_name_notice~|~Enter your name exactly as printed on your Aadhaar. A mismatch can lead to your account being suspended.~|~మీ ఆధార్‌లో ముద్రించి ఉన్నట్టుగానే మీ పేరు నమోదు చేయండి. తేడా ఉంటే మీ ఖాతా నిలిపివేయబడవచ్చు.
aadhaar_number~|~Aadhaar Number~|~ఆధార్ నంబర్
aadhaar_number_field~|~Aadhaar Number~|~ఆధార్ నంబర్
aadhaar_optional_note~|~Aadhaar Number (optional — leave blank for a temporary MLTI ID)~|~ఆధార్ నంబర్ (ఐచ్ఛికం — తాత్కాలిక MLTI ఐడి కోసం ఖాళీగా వదలండి)
about~|~About~|~గురించి
accept~|~Accept~|~అంగీకరించండి
accept_privacy_policy~|~Accept Privacy Policy *~|~గోప్యతా విధానం అంగీకరించండి *
accept_terms_conditions~|~Accept Terms & Conditions *~|~నిబంధనలు & షరతులు అంగీకరించండి *
accept_terms_first_note~|~Accept the Terms & Conditions to continue.~|~కొనసాగించడానికి నిబంధనలు & షరతులను అంగీకరించండి.
accept_terms_to_continue~|~I accept the Terms & Conditions and Privacy Policy~|~నేను నిబంధనలు & షరతులు మరియు గోప్యతా విధానాన్ని అంగీకరిస్తున్నాను
accepted_by_member~|~Accepted by the member~|~సభ్యుడు అంగీకరించారు
access_not_yet_granted~|~Access Not Yet Granted~|~యాక్సెస్ ఇంకా మంజూరు కాలేదు
account~|~Account~|~ఖాతా
account_created_code_not_sent_note~|~Your account is created — your MANA LINE ID is {mlid}. Do not register again. We could not send your code; tap Resend Otp.~|~మీ ఖాతా సృష్టించబడింది — మీ మన లైన్ ఐడీ {mlid}. మళ్లీ నమోదు చేయవద్దు. మేము మీ కోడ్‌ను పంపలేకపోయాము; రీసెండ్ Otp నొక్కండి.
account_cycle_duration~|~Account Cycle Duration~|~ఖాతా చక్రం వ్యవధి
account_cycle_duration_field~|~Account Cycle Duration~|~ఖాతా చక్రం వ్యవధి
account_cycle_not_configured~|~Account cycle not yet configured~|~ఖాతా చక్రం ఇంకా కాన్ఫిగర్ చేయలేదు
account_cycle_unit_field~|~Account Cycle Unit~|~ఖాతా చక్రం యూనిట్
account_holder_note~|~Account Holder: {name}~|~ఖాతాదారు: {name}
account_periods~|~Account Periods~|~ఖాతా వ్యవధులు
account_review~|~Account Review~|~ఖాతా సమీక్ష
account_summary~|~Account Summary~|~ఖాతా సారాంశం
accounts_handed_to_you~|~Accounts Handed To You~|~మీకు అప్పగించిన ఖాతాలు
accrued~|~Accrued~|~సమకూరినది
accrued_note~|~Accrued: {amount} · Total earned: {total}~|~పోగుపడింది: {amount} · మొత్తం సంపాదించింది: {total}
accrued_this_year~|~Accrued This Year~|~ఈ సంవత్సరం సమకూరినది
accrued_this_year_note~|~Accrued this year: {amount} · Total earned: {total}~|~ఈ సంవత్సరం పోగుపడింది: {amount} · మొత్తం సంపాదించింది: {total}
active~|~Active~|~యాక్టివ్
active_investments~|~Active Investments~|~యాక్టివ్ పెట్టుబడులు
active_loans~|~Active Loans~|~యాక్టివ్ రుణాలు
active_members~|~Active Members~|~యాక్టివ్ సభ్యులు
add~|~Add~|~జోడించండి
add a customer~|~Add a Customer~|~కస్టమర్‌ను జోడించండి
add_a_customer~|~Add a Customer~|~కస్టమర్‌ను జోడించండి
add_a_member~|~Add a Member~|~సభ్యుడిని జోడించండి
add_a_remark_hint~|~Add a remark (append-only)~|~వ్యాఖ్య జోడించండి (జోడించడం మాత్రమే)
add_a_user~|~Add a User~|~వినియోగదారుని జోడించండి
add_agent~|~Add Agent~|~ఏజెంట్ జోడించండి
add_agent_to_business~|~Add Agent to Business~|~వ్యాపారానికి ఏజెంట్‌ను జోడించండి
add_an_agent~|~Add an Agent~|~ఒక ఏజెంట్‌ను జోడించండి
add_and_issue_loan~|~Add & Issue Loan~|~జోడించి రుణం ఇవ్వండి
add_area~|~Add Area~|~ప్రాంతం జోడించండి
add_bf~|~Add BF~|~BF జోడించండి
add_business_photo~|~Add Business Photo~|~వ్యాపార ఫోటో జోడించండి
add_cheti~|~Add Cheeti~|~చీటీ జోడించండి
add_customer~|~Add Customer~|~కస్టమర్ జోడించండి
add_customer_to_business~|~Add Customer to Business~|~వ్యాపారానికి కస్టమర్‌ను జోడించండి
add_existing_agent~|~Add Existing Agent~|~ఇప్పటికే ఉన్న ఏజెంట్‌ను జోడించండి
add_existing_agent_note~|~For an agent who already has a MANA LINE ID (MLID/MLPI/MLTI).~|~ఇప్పటికే మానా లైన్ ఐడి (MLID/MLPI/MLTI) ఉన్న ఏజెంట్ కోసం.
add_existing_customer~|~Add Existing Customer~|~ఇప్పటికే ఉన్న కస్టమర్‌ను జోడించండి
add_existing_investor~|~Add Existing Investor~|~ఇప్పటికే ఉన్న పెట్టుబడిదారుని జోడించండి
add_existing_loan~|~Add Existing Loan~|~ఇప్పటికే ఉన్న రుణం జోడించండి
add_existing_loan_note~|~Enter the loan as it stands today. The repayment schedule is created from today forward for whatever is still owed — past instalments are not recreated, so the customer's Line Score starts from here.~|~రుణాన్ని ఈ రోజు ఉన్నట్లుగా నమోదు చేయండి. ఇంకా బాకీ ఉన్నదానికి ఈ రోజు నుండి తిరిగి చెల్లింపు షెడ్యూల్ సృష్టించబడుతుంది — గత వాయిదాలు తిరిగి సృష్టించబడవు, కాబట్టి కస్టమర్ లైన్ స్కోర్ ఇక్కడి నుండి మొదలవుతుంది.
add_existing_member~|~Add Existing Member~|~ఇప్పటికే ఉన్న సభ్యుడిని జోడించండి
add_expense~|~Add Expense~|~ఖర్చు జోడించండి
add_investor~|~Add Investor~|~పెట్టుబడిదారుని జోడించండి
add_loan~|~Add Loan~|~రుణం జోడించండి
add_new_village~|~Add New Village~|~కొత్త గ్రామం జోడించండి
add_only~|~Add Only~|~జోడించండి మాత్రమే
add_payment~|~Add Payment~|~చెల్లింపు జోడించండి
add_profile_photo~|~Add Profile Photo~|~ప్రొఫైల్ ఫోటో జోడించండి
add_remark~|~Add Remark~|~వ్యాఖ్య జోడించండి
add_remark_append_only_field~|~Add a remark (append-only)~|~వ్యాఖ్య జోడించండి (జోడించడం మాత్రమే)
add_remarks~|~Add Remarks~|~వ్యాఖ్యలు జోడించండి
add_this_persons_entry~|~Add This Person's Entry~|~ఈ వ్యక్తి నమోదును జోడించండి
add_this_village~|~Add This Village~|~ఈ గ్రామాన్ని జోడించండి
add_to_this_business~|~Add To This Business~|~ఈ వ్యాపారానికి జోడించండి
add_village~|~Add Village~|~గ్రామం జోడించండి
add_village_for_pin_note~|~The directory has no match at PIN {pin}. Add it, and mandal and district will come from the PIN.~|~పిన్ {pin} వద్ద డైరెక్టరీలో సరిపోలిక లేదు. దాన్ని జోడించండి, మండలం మరియు జిల్లా పిన్ నుండి వస్తాయి.
add_village_for_place_note~|~Add a village in {district}, {state}.~|~{state}లోని {district}లో ఒక గ్రామాన్ని జోడించండి.
add_village_named_note~|~Add "{name}" as a new village~|~"{name}"ని కొత్త గ్రామంగా జోడించండి
add_village_to_note~|~Add a village to {area}~|~{area}కి గ్రామం జోడించండి
added_as_roles_note~|~Added as {roles}.~|~{roles}గా జోడించబడింది.
added_to_business_note~|~Added to this business.~|~ఈ వ్యాపారానికి జోడించబడింది.
added_to_principal~|~Added to Principal~|~అసలుకు జోడించబడింది
added_to_this_business~|~Added to this business.~|~ఈ వ్యాపారానికి జోడించబడింది.
added_up_from_modes_note~|~Added up from the payment modes below.~|~కింది చెల్లింపు విధానాల నుండి కూడబెట్టబడింది.
adding_area_note~|~Adding an area starts working it immediately; removing one stops new collections there for today (its Account Period keeps running to its own end date).~|~ప్రాంతాన్ని జోడించడం వెంటనే దానిలో పని ప్రారంభిస్తుంది; తీసివేయడం నేటికి అక్కడ కొత్త వసూళ్లను ఆపుతుంది (దాని ఖాతా వ్యవధి దాని ముగింపు తేదీ వరకు కొనసాగుతుంది).
address~|~Address~|~చిరునామా
address_field~|~Address~|~చిరునామా
address_pin_village~|~Address · PIN Code · Village~|~చిరునామా · పిన్ కోడ్ · గ్రామం
address_updated_note~|~Address updated. Previous value kept in history; Owner(s) notified.~|~చిరునామా నవీకరించబడింది. మునుపటి విలువ చరిత్రలో ఉంచబడింది; యజమానులకు తెలియజేయబడింది.
adjustments~|~Adjustments~|~సర్దుబాట్లు
adjustments_recorded_session~|~Adjustments Recorded This Session~|~ఈ సెషన్‌లో నమోదు చేసిన సర్దుబాట్లు
admin_forgot_password_note~|~Enter the admin username. If it exists, an OTP will be sent to its linked recovery number.~|~అడ్మిన్ యూజర్‌నేమ్ నమోదు చేయండి. అది ఉంటే, దాని లింక్ చేసిన రికవరీ నంబర్‌కు OTP పంపబడుతుంది.
admin_login~|~Admin Login~|~అడ్మిన్ లాగిన్
admin_panel~|~Admin Panel~|~అడ్మిన్ ప్యానెల్
advance~|~Advance~|~అడ్వాన్స్
advances_deducted~|~Advances Deducted~|~తీసివేసిన అడ్వాన్సులు
agent~|~Agent~|~ఏజెంట్
agent_asked_you_to_check_bf~|~An Agent Says Their Opening BF Is Wrong~|~ఏజెంట్ తన ఓపెనింగ్ BF తప్పు అంటున్నారు
agent_colon_note~|~Agent: {names}~|~ఏజెంట్: {names}
agent_dashboard~|~Agent Dashboard~|~ఏజెంట్ డాష్‌బోర్డ్
agent_note~|~Agent: {name}~|~ఏజెంట్: {name}
agent_opening_short~|~Short Carried In~|~తీసుకువచ్చిన లోటు
agent_opening_short_note~|~If this agent still owes money from before the book came across, enter it here. Salary and sadar already settled are not asked for.~|~పుస్తకం రాకముందు నుండి ఈ ఏజెంట్ ఇంకా డబ్బు బాకీ ఉంటే, దాన్ని ఇక్కడ నమోదు చేయండి. అప్పటికే సెటిల్ అయిన జీతం మరియు సదర్ అడగబడవు.
agent_registered_note~|~Agent registered — invitation sent, status Pending Invitation.~|~ఏజెంట్ నమోదు చేయబడింది — ఆహ్వానం పంపబడింది, స్థితి పెండింగ్ ఆహ్వానం.
agent_remarks~|~Agent Remarks~|~ఏజెంట్ వ్యాఖ్యలు
agent_salary_deduction~|~Agent Salary Deduction~|~ఏజెంట్ జీతం మినహాయింపు
agent_summary~|~Agent Summary~|~ఏజెంట్ సారాంశం
agent_transferred_note~|~Agent transferred — new agent notified.~|~ఏజెంట్ బదిలీ చేయబడింది — కొత్త ఏజెంట్‌కు తెలియజేయబడింది.
agents~|~Agents~|~ఏజెంట్లు
agents_colon_note~|~Agents: {names}~|~ఏజెంట్లు: {names}
agents_count_note~|~{count} Agents~|~{count} ఏజెంట్లు
agents_label_note~|~Agents: {names}~|~ఏజెంట్లు: {names}
agreement_snapshot~|~Agreement Snapshot~|~ఒప్పంద స్నాప్‌షాట్
agreement_text_field~|~Agreement Text~|~ఒప్పంద వచనం
agreement_type_field~|~Agreement Type~|~ఒప్పంద రకం
agreements~|~Agreements~|~ఒప్పందాలు
all~|~All~|~అన్నీ
all_dates~|~All Dates~|~అన్ని తేదీలు
all_villages~|~All Villages~|~అన్ని గ్రామాలు
allow~|~Allow~|~అనుమతించండి
allowance_note~|~Allowance: {amount}~|~భత్యం: {amount}
already_availed_lumpsum~|~Already availed the lumpsum~|~ఇప్పటికే లంప్‌సమ్ పొందారు
already_collected~|~Already collected~|~ఇప్పటికే వసూలు చేసినది
already_collected_note~|~This loan already has a payment recorded today by {by} ({amount}). Record this payment anyway?~|~ఈ రుణానికి ఈరోజు ఇప్పటికే {by} ద్వారా ఒక చెల్లింపు నమోదైంది ({amount}). అయినప్పటికీ ఈ చెల్లింపును నమోదు చేయాలా?
already_collected_this_cycle~|~Already Collected This Account Cycle~|~ఈ ఖాతా వ్యవధిలో ఇప్పటికే వసూలు చేయబడింది
already_collected_today~|~Already Collected Today~|~ఈరోజు ఇప్పటికే వసూలైంది
already_paid~|~Already Paid~|~ఇప్పటికే చెల్లించినది
already_paid_hint~|~total issued - remaining balance~|~మొత్తం జారీ చేసినది - మిగిలిన నిల్వ
already_registered_q~|~Already registered?~|~ఇప్పటికే నమోదు అయ్యారా?
amount~|~Amount~|~మొత్తం
amount_availed_field~|~Amount Availed *~|~పొందిన మొత్తం *
amount_cannot_exceed_balance~|~Amount * (cannot exceed available balance)~|~మొత్తం * (అందుబాటులో ఉన్న నిల్వను మించకూడదు)
amount_given~|~Amount Given~|~ఇచ్చిన మొత్తం
amount_given_cash_field~|~Amount Given * — cash you handed over~|~ఇచ్చిన మొత్తం * — మీరు అప్పగించిన నగదు
amount_given_derived_label~|~Amount Given (System-Derived, Read-Only)~|~ఇచ్చిన మొత్తం (సిస్టమ్-నిర్ధారితం, చదవడానికి మాత్రమే)
amount_given_locked~|~Amount Given (locked)~|~ఇచ్చిన మొత్తం (లాక్ చేయబడింది)
amount_given_readonly_note~|~Amount Given (System-Derived, Read-Only)~|~ఇచ్చిన మొత్తం (సిస్టమ్-నిర్ధారితం, చదవడానికి మాత్రమే)
amount_owed~|~Amount Owed~|~బాకీ ఉన్న మొత్తం
amount_required_field~|~Amount *~|~మొత్తం *
amount_submitted_note~|~{amount} submitted {date}~|~{amount} {date}న సమర్పించారు
an_earlier_date~|~an earlier date~|~ఒక ముందు తేదీ
app_name~|~MANA LINE~|~మన లైన్
appearance~|~Appearance~|~రూపం
append_only~|~Append-only~|~జోడించడం మాత్రమే
applied_to~|~Applied To~|~వర్తించినది
applied_to_note~|~Applied to: {target}~|~వర్తించినది: {target}
apply~|~Apply~|~వర్తింపజేయండి
apply_penalty~|~Apply Penalty~|~జరిమానా వేయండి
approve~|~Approve~|~ఆమోదించండి
approve_account_period_note~|~{area} · {agent}\nApproving locks this Account Period. Locked accounts cannot be modified.~|~{area} · {agent}\nఆమోదించడం ఈ ఖాతా వ్యవధిని లాక్ చేస్తుంది. లాక్ చేసిన ఖాతాలను మార్చలేరు.
approve_account_period_question~|~Approve Account Period?~|~ఖాతా వ్యవధిని ఆమోదించాలా?
approved_by_note~|~{date} · Approved by {by}~|~{date} · {by} ఆమోదించారు
april~|~April~|~ఏప్రిల్
archive~|~Archive~|~ఆర్కైవ్
archive_customer~|~Archive Customer~|~కస్టమర్‌ను ఆర్కైవ్ చేయండి
are you sure you want to close mana line?~|~Are You Sure You Want to Close MANA LINE?~|~మీరు ఖచ్చితంగా మన లైన్‌ను మూసివేయాలనుకుంటున్నారా?
are_you_absolutely_sure~|~Are You Absolutely Sure?~|~మీరు ఖచ్చితంగా నిర్ధారించారా?
area_kept_for_history_note~|~{area} is no longer worked. It is kept because past account periods refer to it.~|~{area} ఇకపై పని చేయబడదు. గత ఖాతా వ్యవధులు దీన్ని సూచిస్తున్నందున ఇది ఉంచబడింది.
area_locality_optional_field~|~Area / Locality (optional)~|~ప్రాంతం / స్థానికత (ఐచ్ఛికం)
area_name_field~|~Area Name~|~ప్రాంతం పేరు
area_name_helper~|~Leave blank to name it after the first village~|~ఖాళీగా వదిలితే మొదటి గ్రామం పేరుతో పేరు పెట్టబడుతుంది
area_options~|~Area Options~|~ప్రాంతం ఎంపికలు
area_removed_note~|~{area} was removed.~|~{area} తీసివేయబడింది.
area_still_has_loans_note~|~{count} live loans sit in {area}. Removing it now leaves them with no round to be collected on.~|~{area}లో {count} సజీవ రుణాలు ఉన్నాయి. ఇప్పుడు తీసివేస్తే వాటిని వసూలు చేయడానికి రౌండ్ ఉండదు.
area_still_has_loans_question~|~Loans Are Still Being Collected Here~|~ఇక్కడ ఇంకా వసూళ్లు జరుగుతున్నాయి
area_type_field~|~Area Type *~|~ప్రాంత రకం *
area_work_session~|~Area Work Session~|~ప్రాంత పని సెషన్
areas~|~Areas~|~ప్రాంతాలు
areas_count_note~|~{count} Areas~|~{count} ప్రాంతాలు
areas_note~|~Agent cannot choose areas outside those assigned here — Agent-side area selection (e.g. Collection Mode) is restricted to this set.~|~ఏజెంట్ ఇక్కడ కేటాయించిన ప్రాంతాలకు వెలుపల ఎంచుకోలేరు — ఏజెంట్-సైడ్ ప్రాంత ఎంపిక (ఉదా. వసూలు మోడ్) ఈ సెట్‌కు పరిమితం.
assign_agent~|~Assign Agent~|~ఏజెంట్ కేటాయించండి
assign_to_this_round~|~Assign to This Round~|~ఈ రౌండ్‌కు కేటాయించండి
assigned~|~Assigned~|~కేటాయించబడింది
assigned_agent~|~Assigned Agent~|~కేటాయించిన ఏజెంట్
assigned_out_this_session~|~Assigned Out This Session~|~ఈ సెషన్‌లో కేటాయించినది
assigned_route~|~Assigned Route~|~కేటాయించిన మార్గం
at_confirm~|~At Confirm~|~నిర్ధారణ వద్ద
attention_required~|~Attention Required~|~శ్రద్ధ అవసరం
audit~|~Audit~|~ఆడిట్
audit_note~|~Membership/permission/compensation changes are logged here per BR-158 — no entries yet.~|~సభ్యత్వం/అనుమతి/వేతన మార్పులు ఇక్కడ నమోదు చేయబడతాయి — ఇంకా ఎంట్రీలు లేవు.
august~|~August~|~ఆగస్టు
available_actions~|~Available Actions~|~అందుబాటులో ఉన్న చర్యలు
available_balance~|~Available Balance~|~అందుబాటులో ఉన్న నిల్వ
availed~|~Availed~|~పొందినది
availed_on~|~Availed On~|~పొందిన తేదీ
availed_on_note~|~Availed {date}~|~{date}న పొందారు
availing_adds_to_bf_note~|~This adds to BF. You keep paying the remaining {count} instalments — availing does not close the cheeti.~|~ఇది BFకు జోడిస్తుంది. మిగిలిన {count} వాయిదాలు మీరు చెల్లిస్తూనే ఉంటారు — పొందడం చీటీని మూసివేయదు.
awaiting_owner_agent_confirmation~|~Awaiting Owner/Agent confirmation.~|~యజమాని/ఏజెంట్ నిర్ధారణ కోసం వేచి ఉంది.
back~|~Back~|~వెనుకకు
back_to_dashboard~|~Back to Dashboard~|~డాష్‌బోర్డ్‌కు తిరిగి
back_to_loan_detail~|~Back to Loan Detail~|~రుణ వివరాలకు తిరిగి వెళ్లండి
back_to_my_loans~|~Back to My Loans~|~నా రుణాలకు తిరిగి వెళ్లండి
back_to_template_selection~|~Back to Template Selection~|~టెంప్లేట్ ఎంపికకు తిరిగి
backup~|~Backup~|~బ్యాకప్
balance~|~Balance~|~బ్యాలెన్స్
balance_before_today~|~Balance Before Today~|~నేటికి ముందు నిల్వ
balance_below_one_rupee_note~|~Available Balance is below ₹1.00 — withdrawal requests are disabled.~|~అందుబాటులో ఉన్న నిల్వ ₹1.00 కంటే తక్కువ — ఉపసంహరణ అభ్యర్థనలు నిలిపివేయబడ్డాయి.
balance_emi_note~|~Balance {balance} · EMI {emi}~|~నిల్వ {balance} · EMI {emi}
balance_only_note~|~Enter the balance as it stands today. Instalment history is not asked for here.~|~నేటి నాటికి ఉన్న బ్యాలెన్స్‌ను నమోదు చేయండి. ఇక్కడ వాయిదాల చరిత్ర అడగబడదు.
balance_status_note~|~Balance {balance} · {status}~|~నిల్వ {balance} · {status}
balanced~|~Balanced~|~సరిపోయింది
bank~|~Bank~|~బ్యాంక్
bank_balance~|~Bank Balance~|~బ్యాంక్ నిల్వ
bank_collection~|~Bank Collection~|~బ్యాంక్ వసూలు
bank_transfer~|~Bank Transfer~|~బ్యాంక్ బదిలీ
before_migration_suffix~|~ (before migration)~|~ (మైగ్రేషన్‌కు ముందు)
bf_added_note~|~₹{granted} added. {name} now holds ₹{newFloat}.~|~₹{granted} జోడించబడింది. ఇప్పుడు {name} వద్ద ₹{newFloat} ఉంది.
bf_cash_in_hand~|~BF — Cash in Hand~|~BF — చేతిలో నగదు
bf_cash_panel~|~BF Cash Panel~|~BF నగదు ప్యానెల్
bf_cash_transfer~|~BF Cash Transfer~|~BF నగదు బదిలీ
bf_cash_transfer_note~|~Send or receive BF Cash with another Agent. A transfer only moves the balance once BOTH agents confirm (BR-173) — no Owner approval gate applies.~|~మరో ఏజెంట్‌తో BF నగదు పంపండి లేదా స్వీకరించండి. ఇద్దరు ఏజెంట్లు నిర్ధారించిన తర్వాతే బదిలీ నిల్వను కదిలిస్తుంది — యజమాని ఆమోదం అవసరం లేదు.
bf_cash_validation_note~|~BF Cash Validation (BR-165): the collecting Agent's (or Owner's) available BF Cash must cover the loan amount — hard block, not a warning. Verified at confirm time inside the create call.~|~BF నగదు ధృవీకరణ: వసూలు చేసే ఏజెంట్ (లేదా యజమాని) వద్ద అందుబాటులో ఉన్న BF నగదు రుణ మొత్తాన్ని కవర్ చేయాలి — ఇది హెచ్చరిక కాదు, హార్డ్ బ్లాక్. నిర్ధారణ సమయంలో సృష్టి కాల్‌లో ధృవీకరించబడుతుంది.
bf_declared_on_note~|~Declared on {date}~|~{date}న ప్రకటించబడింది
bf_dispute_sent~|~Your Opening BF dispute has been sent to the Owner. You will be re-prompted with the corrected figure once they resolve it.~|~మీ ప్రారంభ BF వివాదం యజమానికి పంపబడింది. వారు పరిష్కరించిన తర్వాత సరిదిద్దిన మొత్తంతో మీకు మళ్లీ అడుగుతారు.
bf_given~|~BF Given~|~బీఎఫ్ ఇచ్చారు
bf_given_to~|~BF Given To~|~బీఎఫ్ ఇచ్చినది
bf_locked_suffix~|~ — locked~|~ — లాక్ చేయబడింది
bf_not_declared_note~|~Not declared yet. Count the cash box and enter it below.~|~ఇంకా ప్రకటించలేదు. నగదు పెట్టెను లెక్కించి క్రింద నమోదు చేయండి.
bf_received~|~BF Received~|~BF అందింది
bf_semantic_label~|~Brought forward, cash in hand~|~ముందుకు తీసుకువచ్చినది, చేతిలో నగదు
bf_transfer_confirmed_note~|~BF Cash Transfer confirmed — balance updated.~|~BF నగదు బదిలీ నిర్ధారించబడింది — నిల్వ నవీకరించబడింది.
bf_transfer_sent_note~|~BF Cash Transfer sent — pending the other Agent's confirmation.~|~BF నగదు బదిలీ పంపబడింది — మరో ఏజెంట్ నిర్ధారణ కోసం పెండింగ్‌లో ఉంది.
blank_fields_unchanged_note~|~Blank fields are left unchanged.~|~ఖాళీ ఫీల్డ్‌లు మార్చబడవు.
brought_forward~|~Brought Forward (BF)~|~నిల్వ (BF)
bulk_details_note~|~One file, three tabs — Agent, Investor, Customer — prefilled with the people just created.~|~ఒక ఫైల్, మూడు ట్యాబ్‌లు — ఏజెంట్, పెట్టుబడిదారు, కస్టమర్ — ఇప్పుడే సృష్టించిన వ్యక్తులతో ముందుగా నింపబడింది.
bulk_done_note~|~Anything not shown above yet can still be added — every step in this wizard stays available from the migration screen.~|~పైన ఇంకా చూపని ఏదైనా జోడించవచ్చు — ఈ విజార్డ్‌లోని ప్రతి దశ మైగ్రేషన్ స్క్రీన్ నుండి అందుబాటులో ఉంటుంది.
bulk_emi_note~|~Optional. Up to 100 past instalments per customer, each its own row.~|~ఐచ్ఛికం. ప్రతి కస్టమర్‌కు 100 వరకు గత వాయిదాలు, ప్రతి ఒక్కటి దాని స్వంత వరుస.
bulk_identities_note~|~One file, every new person — Agent, Customer and Investor together. Nothing is created until every row is valid.~|~ఒక ఫైల్, ప్రతి కొత్త వ్యక్తి — ఏజెంట్, కస్టమర్ మరియు పెట్టుబడిదారు కలిసి. ప్రతి వరుస సరైనది అయ్యే వరకు ఏదీ సృష్టించబడదు.
bulk_onboarding~|~Bulk Onboarding~|~బల్క్ ఆన్‌బోర్డింగ్
bulk_onboarding_wizard~|~Bulk Onboarding Wizard~|~బల్క్ ఆన్‌బోర్డింగ్ విజార్డ్
business_access~|~Business Access~|~వ్యాపార యాక్సెస్
business_address_field~|~Business Address~|~వ్యాపార చిరునామా
business_agreements_note~|~Business Agreements are business-specific — a multi-business Owner sets these independently per MLBI; they do not carry over.~|~వ్యాపార ఒప్పందాలు వ్యాపారానికే ప్రత్యేకం — బహుళ వ్యాపారాలున్న యజమాని వీటిని ప్రతి MLBIకి విడిగా సెట్ చేస్తారు; ఇవి బదిలీ కావు.
business_cash~|~Business Cash~|~వ్యాపార నగదు
business_cash_total~|~Business Cash Total~|~మొత్తం వ్యాపార నగదు
business_date~|~Business Date~|~వ్యాపార తేదీ
business_day_accounts~|~Business-Day-Accounts~|~వ్యాపార-దిన-ఖాతాలు
business_day_closed~|~Business Day Closed~|~వ్యాపార దినం మూసివేయబడింది
business_detail~|~Business Detail~|~వ్యాపార వివరాలు
business_email_field~|~Business Email~|~వ్యాపార ఇమెయిల్
business_linked~|~Business Linked~|~వ్యాపారానికి లింక్ చేయబడింది
business_management~|~Business Management~|~వ్యాపార నిర్వహణ
business_memberships~|~Business Memberships~|~వ్యాపార సభ్యత్వాలు
business_name~|~Business Name~|~వ్యాపార పేరు
business_name_field~|~Business Name *~|~వ్యాపార పేరు *
business_name_or_mlbi_field~|~Business name or MLBI~|~వ్యాపార పేరు లేదా MLBI
business_phone_field~|~Business Phone~|~వ్యాపార ఫోన్
business_profit~|~Business profit~|~వ్యాపార లాభం
business_status~|~Business Status~|~వ్యాపార స్థితి
business_transfer~|~Business Transfer~|~వ్యాపార బదిలీ
business_type_field~|~Business Type~|~వ్యాపార రకం
businesses_owned~|~Businesses Owned~|~స్వంత వ్యాపారాలు
cancel~|~Cancel~|~రద్దు చేయండి
cancelled~|~Cancelled~|~రద్దు చేయబడింది
capture_live_photo~|~Capture Live Photo *~|~ప్రత్యక్ష ఫోటో తీయండి *
capture_live_photo_field~|~Capture Live Photo *~|~లైవ్ ఫోటో తీయండి *
captured_tap_retake~|~Captured — tap to retake~|~తీసుకోబడింది — మళ్లీ తీయడానికి నొక్కండి
carried_forward~|~Carried Forward~|~తదుపరికి నిల్వ
case_resolved_slot_freed~|~Case Resolved — Slot Freed~|~కేసు పరిష్కరించబడింది — స్లాట్ ఖాళీ అయింది
cash~|~Cash~|~నగదు
cash_collected~|~Cash Collected~|~వసూలు చేసిన నగదు
cash_in_hand_bf~|~Cash in Hand (BF)~|~చేతిలో నగదు (BF)
cash_in_hand_field~|~Cash in hand *~|~చేతిలో నగదు *
cash_out_of_bf~|~Cash out of BF~|~BF నుండి నగదు
cash_verification~|~Cash Verification~|~నగదు ధృవీకరణ
categories~|~Categories~|~వర్గాలు
change_area~|~Change Area~|~ప్రాంతం మార్చండి
change_opening_bf~|~Change Opening BF~|~ప్రారంభ BF మార్చండి
change_photo~|~Change Photo~|~ఫోటో మార్చండి
change_profile_photo~|~Change Profile Photo~|~ప్రొఫైల్ ఫోటో మార్చండి
change_status_note~|~Change {name}'s membership status to "{status}"?~|~{name} యొక్క సభ్యత్వ స్థితిని "{status}"కి మార్చాలా?
change_user~|~Change User~|~వినియోగదారుని మార్చండి
check_again~|~Check Again~|~మళ్లీ చూడండి
check_business_linked~|~Business Linked~|~వ్యాపారం లింక్ చేయబడింది
check_customer_active~|~Customer Active~|~కస్టమర్ యాక్టివ్
check_customer_exists~|~Customer Exists~|~కస్టమర్ ఉన్నారు
check_no_duplicate_loan~|~No Duplicate Loan~|~నకిలీ రుణం లేదు
check_no_owner_restrictions~|~No Owner Restrictions~|~యజమాని పరిమితులు లేవు
check_no_pending_approval~|~No Pending Approval~|~పెండింగ్ ఆమోదం లేదు
check_not_blocked~|~Not Blocked~|~నిరోధించబడలేదు
check_outstanding_rules~|~Outstanding Rules~|~బాకీ నిబంధనలు
check_status~|~Check Status~|~స్థితి తనిఖీ చేయండి
check_this_loan~|~Check This Loan~|~ఈ రుణాన్ని సరిచూడండి
cheque~|~Cheque~|~చెక్కు
cheque_balance~|~Cheque Balance~|~చెక్ నిల్వ
cheque_collection~|~Cheque Collection~|~చెక్ వసూలు
cheque_count_field~|~Cheque Count (tally, not persisted)~|~చెక్ లెక్క (సరిపోల్చడానికి, నిల్వ చేయబడదు)
cheque_count_helper~|~Sits alongside Cheque Collection {amount} for your own reconciliation.~|~మీ స్వంత సరిపోల్చడం కోసం చెక్ వసూలు {amount} పక్కన ఉంటుంది.
cheti~|~Cheeti~|~చీటీ
cheti_amount_availed~|~Cheeti Amount Availed~|~చీటీ మొత్తం పొందారు
cheti_instalment_paid~|~Cheeti Instalment Paid~|~చీటీ వాయిదా చెల్లింపు
cheti_name_field~|~Cheeti Name *~|~చీటీ పేరు *
cheti_net_position~|~Cheeti — net position~|~చీటీ — నికర స్థితి
cheti_paid~|~Cheeti Paid~|~చీటీ చెల్లించినది
cheti_paid_label~|~Cheeti Paid~|~చీటీ చెల్లింపు
cheti_partway_note~|~Already part-way through? Enter the position as it stands today. Past instalments are not recreated and do not move BF — that cash left the till before this app existed.~|~ఇప్పటికే సగం పూర్తయిందా? ఈ రోజు ఉన్న స్థితిని నమోదు చేయండి. గత వాయిదాలు తిరిగి సృష్టించబడవు మరియు BFను కదిలించవు — ఈ యాప్ ఉనికిలోకి రాకముందే ఆ నగదు వెళ్లిపోయింది.
cheti_received~|~Cheeti Received~|~చీటీ అందుకున్నది
cheti_received_label~|~Cheeti Received~|~చీటీ అందినది
chetis_you_are_already_paying~|~Chetis You Are Already Paying~|~మీరు ఇప్పటికే చెల్లిస్తున్న చీటీలు
choose_a_date~|~Choose a date~|~తేదీని ఎంచుకోండి
choose_file~|~Choose File~|~ఫైల్ ఎంచుకోండి
choose_state_to_continue~|~Choose a state to continue.~|~కొనసాగించడానికి రాష్ట్రాన్ని ఎంచుకోండి.
choose_template_note~|~Choose a template, or request a custom amount.~|~ఒక టెంప్లేట్ ఎంచుకోండి, లేదా కస్టమ్ మొత్తం అభ్యర్థించండి.
choose_workspace~|~Choose Workspace~|~వర్క్‌స్పేస్ ఎంచుకోండి
clear_all~|~Clear All~|~అన్నీ తీసివేయండి
clear_all_notifications_note~|~They will be removed from this list. Your loans, collections and settlements are not affected.~|~అవి ఈ జాబితా నుండి తీసివేయబడతాయి. మీ రుణాలు, వసూళ్లు మరియు సెటిల్‌మెంట్లపై ప్రభావం ఉండదు.
clear_all_notifications_question~|~Clear All Notifications?~|~అన్ని నోటిఫికేషన్‌లు క్లియర్ చేయాలా?
clear_selection~|~Clear~|~క్లియర్ చేయండి
close~|~Close~|~మూసివేయండి
close_again~|~Close Again~|~మళ్లీ మూసివేయండి
close_business_day_note~|~This locks the Business Date, generates the Daily Summary, and prepares the next Business Date. This action cannot be undone without an Owner Reopen.~|~ఇది వ్యాపార తేదీని లాక్ చేసి, రోజువారీ సారాంశాన్ని సృష్టించి, తదుపరి వ్యాపార తేదీని సిద్ధం చేస్తుంది. యజమాని తిరిగి తెరవందే ఈ చర్యను రద్దు చేయలేరు.
close_business_day_question~|~Close Business Day?~|~వ్యాపార దినం మూసివేయాలా?
close_loan~|~Close Loan~|~రుణం మూసివేయండి
close_loan_confirm_note~|~Close this loan? Outstanding balance is {amount}.~|~ఈ రుణాన్ని మూసివేయాలా? బాకీ నిల్వ {amount}.
close_write_off~|~Close (Write-Off)~|~మూసివేయండి (రైట్-ఆఫ్)
closed~|~Closed~|~మూసివేయబడింది
closed_by_note~|~{date} · Closed by {name}~|~{date} · {name} మూసివేసారు
closing~|~Closing~|~ముగింపు
closing_balance~|~Live Closing Balance~|~ప్రస్తుత ముగింపు నిల్వ
closing_balance_label~|~Closing Balance~|~ముగింపు నిల్వ
closing_cash~|~Closing Cash~|~ముగింపు నగదు
collect~|~Collect~|~వసూలు
collect_amount~|~Collect {amount}~|~{amount} వసూలు చేయండి
collect_payment~|~Collect Payment~|~చెల్లింపు వసూలు చేయండి
collected~|~Collected~|~వసూలైంది
collected_amount_field~|~Collected Amount *~|~వసూలైన మొత్తం *
collection_agent~|~Collection Agent~|~వసూలు ఏజెంట్
collection_from~|~Collection From~|~వసూలు నుండి
collection_history~|~Collection History~|~వసూలు చరిత్ర
collection_mode~|~Collections~|~వసూళ్లు
collection_percent~|~Collection {percent}%~|~వసూలు {percent}%
collections~|~Collections~|~వసూళ్లు
coming_soon~|~Coming Soon~|~త్వరలో వస్తుంది
compensation~|~Compensation~|~వేతనం
compensation_history~|~Compensation History~|~వేతన చరిత్ర
compensation_not_available~|~Compensation not yet available~|~వేతనం ఇంకా అందుబాటులో లేదు
compensation_structure~|~Compensation Structure~|~వేతన నిర్మాణం
complete_profile~|~Complete Profile~|~ప్రొఫైల్ పూర్తి చేయండి
complete_profile_note~|~Capture Photo, Password, Address, PIN Code, Village, Identity Documents, OTP Verification, Terms Acceptance.~|~ఫోటో, పాస్‌వర్డ్, చిరునామా, పిన్ కోడ్, గ్రామం, గుర్తింపు పత్రాలు, OTP ధృవీకరణ, నిబంధనల అంగీకారం తీసుకోండి.
completed~|~Completed~|~పూర్తయింది
completed_installments~|~Completed Installments~|~పూర్తయిన వాయిదాలు
computed_live_note~|~Computed live from member loans — never stored.~|~సభ్య రుణాల నుండి ప్రత్యక్షంగా లెక్కించబడుతుంది — ఎప్పుడూ నిల్వ చేయబడదు.
configure_cycle~|~Configure Cycle~|~చక్రం కాన్ఫిగర్ చేయండి
confirm~|~Confirm~|~నిర్ధారించండి
confirm_action_title~|~Confirm: {action}~|~నిర్ధారించండి: {action}
confirm_and_link_to_business~|~Confirm & Link to Business~|~నిర్ధారించి వ్యాపారానికి లింక్ చేయండి
confirm_bf_or_update_warning~|~Confirm this figure to proceed, or Update if it looks wrong — you will be blocked from the workspace until the Owner corrects it.~|~కొనసాగించడానికి ఈ మొత్తాన్ని నిర్ధారించండి, తప్పుగా అనిపిస్తే అప్‌డేట్ చేయండి — యజమాని సరిదిద్దే వరకు మీరు వర్క్‌స్పేస్ నుండి బ్లాక్ చేయబడతారు.
confirm_close~|~Confirm Close~|~మూసివేతను నిర్ధారించండి
confirm_close_business_day~|~Confirm — Close Business Day~|~నిర్ధారించండి — వ్యాపార దినం మూసివేయండి
confirm_close_loan~|~Confirm Close Loan~|~రుణం మూసివేతను నిర్ధారించండి
confirm_create_loan~|~Confirm — Create Loan~|~నిర్ధారించండి — రుణం సృష్టించండి
confirm_label~|~Confirm~|~నిర్ధారించండి
confirm_loan~|~Confirm Loan~|~రుణాన్ని నిర్ధారించండి
confirm_new_password_field~|~Confirm New Password *~|~కొత్త పాస్‌వర్డ్ నిర్ధారించండి *
confirm_password~|~Confirm Password~|~పాస్‌వర్డ్ నిర్ధారించండి
confirm_request~|~Confirm Request~|~అభ్యర్థనను నిర్ధారించండి
confirm_status_change_title~|~Confirm: {status}~|~నిర్ధారించండి: {status}
confirm_suspension~|~Confirm Suspension~|~సస్పెన్షన్ నిర్ధారించండి
confirm_write_off~|~Confirm Write-Off~|~రైట్-ఆఫ్ నిర్ధారించండి
contact_and_identity~|~Contact & Identity~|~సంప్రదింపు & గుర్తింపు
contact_business_note~|~Please contact the Business directly to resolve this payment.~|~ఈ చెల్లింపును పరిష్కరించడానికి దయచేసి నేరుగా వ్యాపారాన్ని సంప్రదించండి.
contact_owner~|~Contact Owner~|~యజమానిని సంప్రదించండి
continue_as_support_staff~|~Continue as Support Staff~|~సపోర్ట్ సిబ్బందిగా కొనసాగండి
continue_button~|~Continue~|~కొనసాగించండి
continue_draft~|~Continue Draft~|~ముసాయిదా కొనసాగించండి
continue_label~|~Continue~|~కొనసాగించండి
correct_and_resubmit~|~Correct and Resubmit~|~సరిచేసి మళ్లీ సమర్పించండి
correct_entry~|~Correct~|~సరిచేయండి
corrected_aadhaar_number~|~Corrected Aadhaar Number~|~సరిచేసిన ఆధార్ నంబర్
correcting_receipt~|~Correcting receipt {receipt}. This replaces the entry; it does not add one.~|~రసీదు {receipt} సవరించబడుతోంది. ఇది ఉన్న నమోదును మారుస్తుంది, కొత్తది చేర్చదు.
correction~|~Correction~|~సరిదిద్దుబాటు
corrections~|~Corrections~|~సరిదిద్దుబాట్లు
could_not_add_village_note~|~Could not add village: {error}~|~గ్రామం జోడించలేకపోయాము: {error}
could_not_build_template_note~|~Could not build the template: {error}~|~టెంప్లేట్ నిర్మించలేకపోయాము: {error}
could_not_change_area~|~Could not change area — save or clear pending unsaved transactions first.~|~ప్రాంతాన్ని మార్చలేకపోయింది — ముందుగా పెండింగ్‌లో ఉన్న సేవ్ చేయని లావాదేవీలను సేవ్ చేయండి లేదా క్లియర్ చేయండి.
could_not_load_agents~|~Could not load agents.\n{error}~|~ఏజెంట్లు లోడ్ కాలేదు.\n{error}
could_not_load_dashboard~|~Could Not Load Dashboard~|~డాష్‌బోర్డ్ లోడ్ కాలేదు
could_not_load_data~|~Could Not Load Data~|~డేటా లోడ్ కాలేదు
could_not_load_deleted_records~|~Could not load deleted records: {error}~|~తొలగించిన రికార్డులను లోడ్ చేయలేకపోయాము: {error}
could_not_load_group_note~|~Could not load group.\n{error}~|~గ్రూప్ లోడ్ కాలేదు.\n{error}
could_not_load_history~|~Could Not Load History~|~చరిత్రను లోడ్ చేయలేకపోయాం
could_not_load_investment_detail~|~Could Not Load Investment Detail~|~పెట్టుబడి వివరాలు లోడ్ కాలేదు
could_not_load_investments~|~Could Not Load Investments~|~పెట్టుబడులు లోడ్ కాలేదు
could_not_load_investors~|~Could not load investors.\n{error}~|~పెట్టుబడిదారులు లోడ్ కాలేదు.\n{error}
could_not_load_loan~|~Could Not Load Loan~|~రుణం లోడ్ కాలేదు
could_not_load_loan_note~|~Could not load loan.\n{error}~|~రుణం లోడ్ కాలేదు.\n{error}
could_not_load_loan_requests_note~|~Could not load loan requests.\n{error}~|~రుణ అభ్యర్థనలు లోడ్ కాలేదు.\n{error}
could_not_load_loans~|~Could Not Load Loans~|~రుణాలు లోడ్ కాలేదు
could_not_load_migration_status~|~Could Not Load Migration Status~|~మైగ్రేషన్ స్థితి లోడ్ కాలేదు
could_not_load_notifications~|~Could Not Load Notifications~|~నోటిఫికేషన్లను లోడ్ చేయలేకపోయాం
could_not_load_profile~|~Could not load profile.\n{error}~|~ప్రొఫైల్ లోడ్ కాలేదు.\n{error}
could_not_load_profile_note~|~Could not load this profile.\n{error}~|~ఈ ప్రొఫైల్ లోడ్ కాలేదు.\n{error}
could_not_load_profile_plain~|~Could not load profile.~|~ప్రొఫైల్ లోడ్ కాలేదు.
could_not_load_todays_route~|~Could not load today's route.\n{message}~|~నేటి మార్గం లోడ్ కాలేదు.\n{message}
could_not_load_usage_note~|~Could not load your current usage.\n\n{error}~|~మీ ప్రస్తుత వినియోగం లోడ్ కాలేదు.\n\n{error}
could_not_load_withdrawal_requests_note~|~Could not load withdrawal requests.\n{error}~|~ఉపసంహరణ అభ్యర్థనలు లోడ్ కాలేదు.\n{error}
could_not_read~|~Could Not Read~|~చదవలేకపోయింది
could_not_read_statement~|~Could Not Read This Statement.~|~ఈ స్టేట్‌మెంట్ చదవలేకపోయింది.
could_not_share_file_note~|~Could not share the file: {error}~|~ఫైల్ షేర్ చేయలేకపోయాము: {error}
could_not_upload_document_note~|~Could not upload the document: {error}~|~పత్రాన్ని అప్‌లోడ్ చేయలేకపోయాము: {error}
count_cash_declare_note~|~Count your cash and declare it. The difference is worked out when you submit.~|~మీ నగదును లెక్కించి ప్రకటించండి. మీరు సమర్పించినప్పుడు తేడా లెక్కించబడుతుంది.
create_agreement~|~Create Agreement~|~ఒప్పందం సృష్టించండి
create_and_link_to_business~|~Create & Link to Business~|~సృష్టించి వ్యాపారానికి లింక్ చేయండి
create_business~|~Create Business~|~వ్యాపారం సృష్టించండి
create_business_agreement~|~Create Business Agreement~|~వ్యాపార ఒప్పందం సృష్టించండి
create_business_repeat_note~|~This is the same Create Business step covered in first-time setup — use it here to add another business, or to start one you skipped earlier.~|~ఇది మొదటిసారి సెటప్‌లో కవర్ చేసిన అదే వ్యాపారం సృష్టించే దశ — మరో వ్యాపారాన్ని జోడించడానికి, లేదా ముందు వదిలేసిన దాన్ని ప్రారంభించడానికి దీన్ని ఉపయోగించండి.
create_customer~|~Create Customer~|~కస్టమర్ సృష్టించండి
create_customer_todo_note~|~Create Customer reuses the OW-004 identity-search flow — TODO: wire shared sheet.~|~కస్టమర్ సృష్టించడం OW-004 గుర్తింపు-శోధన ప్రవాహాన్ని తిరిగి ఉపయోగిస్తుంది — TODO: షేర్డ్ షీట్ వైర్ చేయాలి.
create_group~|~Create Group~|~గ్రూప్ సృష్టించండి
create_inside_app~|~Create Inside App~|~యాప్ లోపల సృష్టించండి
create_loan~|~Create Loan~|~రుణం సృష్టించండి
create_new_business~|~Create New Business~|~కొత్త వ్యాపారాన్ని సృష్టించండి
create_pin~|~Create PIN~|~పిన్ సృష్టించండి
create_the_business_first~|~Create the business first — step 1.~|~ముందుగా వ్యాపారాన్ని సృష్టించండి — దశ 1.
create_your_account~|~Create Your Account~|~మీ ఖాతాను సృష్టించండి
created_note~|~Created {when}~|~{when}న సృష్టించబడింది
current_agent~|~Current Agent~|~ప్రస్తుత ఏజెంట్
current_bf_cash_balance~|~Current BF Cash Balance~|~ప్రస్తుత BF నగదు నిల్వ
current_bf_cash_balance_note~|~Current BF Cash Balance: {amount}~|~ప్రస్తుత BF నగదు నిల్వ: {amount}
current_operating_areas~|~Current Operating Areas~|~ప్రస్తుత పని ప్రాంతాలు
current_route~|~Current Route~|~ప్రస్తుత మార్గం
current_status~|~Current Status~|~ప్రస్తుత స్థితి
custom_owner_defined~|~Custom (Owner Defined)~|~కస్టమ్ (యజమాని నిర్ణయించారు)
customer~|~Customer~|~కస్టమర్
customer_active~|~Customer Active~|~కస్టమర్ యాక్టివ్‌గా ఉన్నారు
customer_audit_tab_note~|~Who Changed, What Changed, Old Value, New Value — per BR-158. No entries yet.~|~ఎవరు మార్చారు, ఏమి మార్చారు, పాత విలువ, కొత్త విలువ — BR-158 ప్రకారం. ఇంకా ఎంట్రీలు లేవు.
customer_dashboard~|~Customer Dashboard~|~కస్టమర్ డాష్‌బోర్డ్
customer_exists~|~Customer Exists~|~కస్టమర్ ఉన్నారు
customer_history_tab_note~|~Chronological record: Customer Created, Loans Created, Loan Closures, Collections, Transfers, Address Changes, Agent Changes.\nNo entries yet.~|~కాలక్రమానుసార రికార్డు: కస్టమర్ సృష్టించబడింది, రుణాలు సృష్టించబడ్డాయి, రుణ ముగింపులు, వసూళ్లు, బదిలీలు, చిరునామా మార్పులు, ఏజెంట్ మార్పులు.\nఇంకా ఎంట్రీలు లేవు.
customer_label_note~|~Customer: {name}~|~కస్టమర్: {name}
customer_list~|~Customer List~|~కస్టమర్ జాబితా
customer_loan_requests_disabled_note~|~This Business does not currently accept Customer-initiated loan requests.~|~ఈ వ్యాపారం ప్రస్తుతం కస్టమర్ ప్రారంభించిన రుణ అభ్యర్థనలను స్వీకరించడం లేదు.
customer_management~|~Customers~|~కస్టమర్లు
customer_not_available~|~Customer Not Available~|~కస్టమర్ అందుబాటులో లేరు
customer_not_home~|~Customer Not Home~|~కస్టమర్ ఇంట్లో లేరు
customer_note~|~Customer: {name}~|~కస్టమర్: {name}
customer_out_of_village~|~Customer Out Of Village~|~కస్టమర్ ఊరిలో లేరు
customer_pending_settlement~|~Customer Pending Settlement~|~కస్టమర్ పెండింగ్ సెటిల్‌మెంట్
customer_refused~|~Customer Refused~|~కస్టమర్ తిరస్కరించారు
customer_required_field~|~Customer *~|~కస్టమర్ *
customer_since~|~Customer Since~|~కస్టమర్ అయిన తేదీ
customers~|~Customers~|~కస్టమర్లు
customers_and_investors~|~Customers and Investors~|~కస్టమర్లు మరియు పెట్టుబడిదారులు
customers_assigned~|~Customers Assigned~|~కేటాయించిన కస్టమర్లు
customers_count_note~|~{count} Customers~|~{count} కస్టమర్లు
customers_due~|~Customers Due~|~బకాయి కస్టమర్లు
customers_in_village~|~{count} customers~|~{count} కస్టమర్లు
customers_investors_free_note~|~Customers and Investors view their records free. Requesting a loan, or requesting to invest or withdraw, is ₹99 a year for that role — and one discounted Combo covers a person who is both.~|~కస్టమర్లు మరియు పెట్టుబడిదారులు వారి రికార్డులను ఉచితంగా చూస్తారు. రుణం అభ్యర్థించడం, లేదా పెట్టుబడి/ఉపసంహరణ అభ్యర్థించడం ఆ పాత్రకు సంవత్సరానికి ₹99 — మరియు ఒక రాయితీ కాంబో రెండూ ఉన్న వ్యక్తిని కవర్ చేస్తుంది.
customers_left_to_visit~|~{count} customer(s) left to visit.~|~{count} కస్టమర్(లు) సందర్శించాల్సి ఉంది.
customers_remaining~|~Customers Remaining~|~మిగిలిన కస్టమర్లు
customers_visited~|~Customers Visited~|~సందర్శించిన కస్టమర్లు
cycle_account_note~|~{cycle} Account~|~{cycle} ఖాతా
cycle_configured_note~|~Cycle: {duration} {unit}, submits {time}~|~చక్రం: {duration} {unit}, సమర్పణ {time}
daily~|~Daily~|~ప్రతిరోజూ
daily_allowance~|~Daily Allowance~|~రోజువారీ భత్యం
daily_allowance_note~|~Paid same-day in cash. Does NOT reduce payable salary — tracked for your visibility only (CALC BR-068, supersedes BR-046).~|~అదే రోజు నగదులో చెల్లించబడుతుంది. చెల్లించవలసిన జీతాన్ని తగ్గించదు — మీ కనిపించే విధానం కోసం మాత్రమే ట్రాక్ చేయబడుతుంది.
daily_allowance_optional~|~Daily Allowance (optional)~|~రోజువారీ భత్యం (ఐచ్ఛికం)
daily_allowance_tracking_note~|~Tracking/visibility only — no linkage to Payable Salary or any figure elsewhere on this screen.~|~ట్రాకింగ్/కనిపించడం మాత్రమే — చెల్లించవలసిన జీతంతో లేదా ఈ స్క్రీన్‌లోని ఏ సంఖ్యతోనూ లింక్ లేదు.
daily_record_book~|~Daily Record Book~|~రోజువారీ రికార్డు పుస్తకం
dashboard~|~Dashboard~|~డాష్‌బోర్డ్
date~|~Date~|~తేదీ
date_range~|~Date Range~|~తేదీ పరిధి
day_closing~|~Closing~|~ముగింపు
day_closure~|~Day Closure~|~దిన ముగింపు
day_closure_cannot_start~|~Day Closure Cannot Start~|~దిన ముగింపు ప్రారంభం కాదు
day_closure_details~|~Day Closure Details~|~దిన ముగింపు వివరాలు
day_net~|~Day Net~|~రోజు నికర
day_reopened~|~Day Reopened~|~దినం తిరిగి తెరవబడింది
days~|~Days~|~రోజులు
days_count~|~{count} Days~|~{count} రోజులు
days_left_note~|~{days} days left~|~{days} రోజులు మిగిలి ఉన్నాయి
december~|~December~|~డిసెంబర్
decision~|~Decision~|~నిర్ణయం
declare~|~Declare~|~ప్రకటించండి
declare_opening_bf~|~Declare Opening BF~|~ప్రారంభ BF ప్రకటించండి
declare_opening_bf_note~|~Count the cash box today and enter that figure. Everything before today is out of scope — the count already reflects it.\n\nThis locks when you finish migration and cannot be changed afterwards.~|~ఈ రోజు నగదు పెట్టెను లెక్కించి ఆ సంఖ్యను నమోదు చేయండి. ఈ రోజుకు ముందు ఉన్నదంతా పరిధిలో లేదు — లెక్క ఇప్పటికే దాన్ని ప్రతిబింబిస్తుంది.\n\nమీరు మైగ్రేషన్ ముగించినప్పుడు ఇది లాక్ అవుతుంది మరియు తర్వాత మార్చలేరు.
declare_profit_share~|~Declare Profit Share~|~లాభ వాటా ప్రకటించండి
declared_note~|~Declared: {amount}~|~ప్రకటించినది: {amount}
decline~|~Decline~|~తిరస్కరించండి
defaulted~|~Defaulted~|~డిఫాల్ట్ అయింది
delete~|~Delete~|~తొలగించండి
delete_balance_positive~|~Delete (balance > ₹0)~|~తొలగించండి (నిల్వ > ₹0)
delete_forever~|~Delete Forever~|~శాశ్వతంగా తొలగించండి
delete_forever_count_note~|~Delete {count} records forever? This cannot be undone.~|~{count} రికార్డులను శాశ్వతంగా తొలగించాలా? దీన్ని రద్దు చేయలేరు.
delete_forever_loan_note~|~A loan takes its collections, schedule and penalties with it.~|~రుణంతో పాటు దాని వసూళ్లు, షెడ్యూల్ మరియు జరిమానాలు కూడా తొలగించబడతాయి.
delete_group~|~Delete Group~|~గ్రూప్ తొలగించండి
delete_group_note~|~Member loans revert to ungrouped individual loans. This does not affect their own history.~|~సభ్య రుణాలు గ్రూప్ లేని వ్యక్తిగత రుణాలుగా తిరిగి మారతాయి. ఇది వారి స్వంత చరిత్రపై ప్రభావం చూపదు.
delete_investment~|~Delete Investment~|~పెట్టుబడి తొలగించండి
delete_investment_confirm_note~|~{amount} at {roi}, effective {date}.\n\nThis removes the record entirely. It is refused if any interest payment or withdrawal has been made against it — correct those with Edit instead.~|~{amount}, {roi} వద్ద, {date} నుండి అమలులో.\n\nఇది రికార్డును పూర్తిగా తొలగిస్తుంది. దీనిపై ఏదైనా వడ్డీ చెల్లింపు లేదా ఉపసంహరణ జరిగి ఉంటే ఇది తిరస్కరించబడుతుంది — వాటిని సరిచేయడానికి బదులుగా మార్చు ఉపయోగించండి.
delete_investment_confirm_title~|~Delete Investment?~|~పెట్టుబడిని తొలగించాలా?
deposit_from~|~Deposit From~|~జమ చేసినవారు
deposits~|~Deposits~|~జమలు
deposits_investor~|~Deposits (Investor)~|~జమలు (పెట్టుబడిదారు)
description~|~Description~|~
details~|~Details~|~వివరాలు
did_you_mean_note~|~Did you mean one of these?~|~మీరు వీటిలో ఒకదాన్ని ఉద్దేశించారా?
difference~|~Difference~|~తేడా
difference_details~|~Difference Details~|~తేడా వివరాలు
difference_found~|~Difference Found~|~తేడా కనుగొనబడింది
difference_no_longer_zero_note~|~Difference is no longer zero — recheck required.~|~తేడా ఇక సున్నా కాదు — మళ్లీ తనిఖీ అవసరం.
disable~|~Disable~|~నిలిపివేయండి
disabled~|~Disabled~|~నిలిపివేయబడింది
discard~|~Discard~|~విస్మరించండి
discard_draft~|~Discard Draft~|~ముసాయిదా విస్మరించండి
discard_draft_note~|~This draft will be permanently removed. This cannot be undone.~|~ఈ ముసాయిదా శాశ్వతంగా తీసివేయబడుతుంది. దీన్ని రద్దు చేయలేరు.
distribute_profit_share~|~Distribute Profit Share~|~లాభ వాటా పంపిణీ చేయండి
distribute_profit_share_note~|~Enter the actual amount being distributed. Nothing is calculated from the Profit Share % — that figure is your own reference (BR-232).~|~పంపిణీ చేస్తున్న అసలు మొత్తాన్ని నమోదు చేయండి. లాభ వాటా % నుండి ఏమీ లెక్కించబడదు — ఆ సంఖ్య మీ సొంత సూచన మాత్రమే.
distribution_history~|~Distribution History~|~పంపిణీ చరిత్ర
distributions~|~Distributions~|~పంపిణీలు
district_field~|~District *~|~జిల్లా *
dividend_helper~|~Reduces the cash you hand over, and counts as profit.~|~మీరు అప్పగించే నగదును తగ్గిస్తుంది, మరియు లాభంగా లెక్కించబడుతుంది.
dividend_this_period_field~|~Dividend this period~|~ఈ కాలపు డివిడెండ్
dob_not_set~|~Date of Birth — not set~|~పుట్టిన తేదీ — సెట్ చేయలేదు
dob_value_note~|~Date of Birth — {date}~|~పుట్టిన తేదీ — {date}
document_type~|~Document Type~|~పత్రం రకం
document_url_field~|~Document URL~|~పత్రం URL
documents~|~Documents~|~పత్రాలు
done~|~Done~|~పూర్తయింది
door_house_no~|~Door / House No~|~ఇంటి నంబర్
door_house_no_field~|~Door / House No *~|~ఇంటి నంబర్ *
door_no_field~|~Door No~|~ఇంటి నంబర్
door_no_street_field~|~Door No / Street~|~ఇంటి నంబరు / వీధి
download_corrected_file~|~Download Corrected File~|~సరిచేసిన ఫైల్ డౌన్‌లోడ్ చేయండి
download_statement~|~Download Statement~|~స్టేట్‌మెంట్ డౌన్‌లోడ్ చేయండి
draft~|~Draft~|~ముసాయిదా
draft_submitted_note~|~Draft submitted.~|~ముసాయిదా సమర్పించబడింది.
draft_transactions~|~Draft Transactions~|~డ్రాఫ్ట్ లావాదేవీలు
due_note~|~Due {amount}~|~{amount} బకాయి
due_today~|~Due Today~|~ఈరోజు చెల్లించాలి
duplicate_in_file~|~repeats another row in this file~|~ఈ ఫైల్‌లో మరో వరుసను పునరావృతం చేస్తుంది
duplicate_person_note~|~Somebody with this name and father's or husband's name is already registered. Choose them below, or add a mobile number if this is a different person.~|~ఈ పేరు మరియు తండ్రి లేదా భర్త పేరుతో ఇప్పటికే ఒకరు నమోదై ఉన్నారు. కింద వారిని ఎంచుకోండి, లేదా ఇది వేరే వ్యక్తి అయితే మొబైల్ నంబర్ జోడించండి.
duration~|~Duration~|~వ్యవధి
duration_installments_field~|~Duration (installments) *~|~వ్యవధి (వాయిదాలు) *
duration_installments_note~|~{count} installments~|~{count} వాయిదాలు
duration_note~|~{count} installments~|~{count} వాయిదాలు
earlier~|~Earlier~|~ఇంతకుముందు
earned_not_held_note~|~Interest {interest} and processing fee {fees} are already earned at disbursement — not part of the cash you hold.~|~వడ్డీ {interest} మరియు ప్రాసెసింగ్ ఫీజు {fees} రుణం ఇచ్చినప్పుడే ఆర్జించబడ్డాయి — మీ వద్ద ఉన్న నగదులో భాగం కాదు.
edit~|~Edit~|~మార్చండి
edit_address~|~Edit Address~|~చిరునామా మార్చండి
edit_address_select_village~|~Edit Address — Select Village~|~చిరునామా మార్చండి — గ్రామం ఎంచుకోండి
edit_allowed_fields~|~Edit Allowed Fields~|~అనుమతించిన ఫీల్డ్‌లు మార్చండి
edit_allowed_fields_note~|~Owner may edit: Collection Agent, Remarks, Future Effective Information only. Loan Amount, Amount Given, Interest, Processing Fee, Historical Collections, and Business Date are permanently locked (BR-016/169).~|~యజమాని మార్చగలిగేవి: వసూలు ఏజెంట్, వ్యాఖ్యలు, భవిష్యత్ ప్రభావ సమాచారం మాత్రమే. రుణ మొత్తం, ఇచ్చిన మొత్తం, వడ్డీ, ప్రాసెసింగ్ ఫీజు, గత వసూళ్లు, మరియు వ్యాపార తేదీ శాశ్వతంగా లాక్ చేయబడ్డాయి.
edit_cycle~|~Edit Cycle~|~చక్రం మార్చండి
edit_investment~|~Edit Investment~|~పెట్టుబడి మార్చండి
edit_phone~|~Edit Phone~|~ఫోన్ మార్చండి
effective_date~|~Effective Date~|~అమలు తేదీ
effective_date_ymd_field~|~Effective Date (YYYY-MM-DD)~|~అమలు తేదీ (YYYY-MM-DD)
effective_note~|~Effective {date}~|~{date} నుండి అమలులో
eligibility_check~|~Eligibility Check~|~అర్హత తనిఖీ
emi~|~EMI~|~ఈఎంఐ
enable_biometric_q~|~Enable biometric login?~|~బయోమెట్రిక్ లాగిన్ ప్రారంభించాలా?
enter_a_valid_amount~|~Enter a Valid Amount~|~సరైన మొత్తం నమోదు చేయండి
enter_amount_owed~|~Enter the amount owed, or 0 if nothing is.~|~బాకీ ఉన్న మొత్తాన్ని నమోదు చేయండి, ఏమీ లేకపోతే 0 అని నమోదు చేయండి.
enter_collection~|~Enter Collection~|~వసూలు నమోదు చేయండి
enter_mlid~|~Enter MLID~|~MLID నమోదు చేయండి
enter_one_by_one~|~Enter One by One~|~ఒక్కొక్కరిగా నమోదు చేయండి
enter_otp_title~|~Enter the OTP sent to verify your number~|~మీ నంబర్‌ను ధృవీకరించడానికి పంపిన OTP నమోదు చేయండి
enter_physical_count_note~|~Enter the physical count — actual on-hand — for each payment method.~|~ప్రతి చెల్లింపు పద్ధతికి భౌతిక లెక్క — వాస్తవంగా చేతిలో ఉన్నది — నమోదు చేయండి.
enter_pin~|~Enter PIN~|~పిన్ నమోదు చేయండి
enter_village_name_to_search~|~Enter at least 3 letters of the village name.~|~గ్రామం పేరులోని కనీసం 3 అక్షరాలు నమోదు చేయండి.
enter_whole_rupee_amount~|~Enter a whole rupee amount above zero~|~సున్నా కంటే ఎక్కువ మొత్తం రూపాయలలో నమోదు చేయండి
entered_in_this_sitting~|~Entered.~|~నమోదైంది.
entries_count~|~{count} entries~|~{count} నమోదులు
entry_stage_agents~|~Agents~|~ఏజెంట్లు
entry_stage_customers~|~Customers & Loans~|~కస్టమర్లు & రుణాలు
entry_stage_investors~|~Investors~|~పెట్టుబడిదారులు
est_collection~|~Est. Collection~|~అంచనా వసూలు
every_agent_already_on_this_round_note~|~Every agent in this business is already on this round.~|~ఈ వ్యాపారంలోని ప్రతి ఏజెంట్ ఇప్పటికే ఈ రౌండ్‌లో ఉన్నారు.
every_rupee_counts~|~Every rupee counts~|~ప్రతి రూపాయి ముఖ్యం
excess~|~Excess~|~అధికం
excess_disposition_field~|~Excess Disposition *~|~అధిక మొత్తం వినియోగం *
excess_ledger_unresolved~|~Excess Ledger-Unresolved~|~అధికం లెడ్జర్-పరిష్కరించని
existing customer~|~Existing Customer~|~ఇప్పటికే ఉన్న కస్టమర్
existing_customer~|~Existing Customer~|~ఇప్పటికే ఉన్న కస్టమర్
existing_customers~|~Existing Customers~|~ఇప్పటికే ఉన్న కస్టమర్లు
existing_customers_only~|~Existing Customers Only~|~ఇప్పటికే ఉన్న ఖాతాదారులకు మాత్రమే
existing_customers_only_off_note~|~Anyone found by search may be given a loan. New borrowers are added to this book as the loan is issued.~|~శోధనలో దొరికిన ఎవరికైనా రుణం ఇవ్వవచ్చు. కొత్త వారిని రుణం ఇచ్చేటప్పుడే ఈ పుస్తకంలో చేరుస్తారు.
existing_customers_only_on_note~|~A loan may only be issued to somebody already on this book.~|~ఈ పుస్తకంలో ఇప్పటికే ఉన్న వ్యక్తికి మాత్రమే రుణం ఇవ్వగలరు.
existing_mlid_note~|~Existing MLID: {mlid}~|~ఇప్పటికే ఉన్న MLID: {mlid}
exit~|~Exit~|~నిష్క్రమించండి
exit app~|~Exit App~|~యాప్‌ను మూసివేయండి
expected_actual_note~|~Expected {expected} · Actual {actual}~|~ఆశించినది {expected} · వాస్తవం {actual}
expected_bank~|~Expected Bank~|~ఆశించిన బ్యాంక్
expected_cash~|~Expected Cash~|~ఆశించిన నగదు
expected_cheque~|~Expected Cheque~|~ఆశించిన చెక్
expected_closing_balance~|~Expected Closing Balance~|~ఆశించిన ముగింపు నిల్వ
expected_upi~|~Expected UPI~|~ఆశించిన UPI
expense~|~Expense~|~ఖర్చు
expense_paid~|~Expense Paid~|~చెల్లించిన ఖర్చు
expenses~|~Expenses~|~ఖర్చులు
export_to_excel~|~Export to Excel~|~ఎక్సెల్‌కు ఎగుమతి చేయండి
export_to_excel_note~|~Creates a spreadsheet of your customers, loans, collections, expenses, investments and daily ledger. Deleted records are not included.~|~మీ కస్టమర్లు, రుణాలు, వసూళ్లు, ఖర్చులు, పెట్టుబడులు మరియు రోజువారీ లెడ్జర్ యొక్క స్ప్రెడ్‌షీట్ సృష్టిస్తుంది. తొలగించిన రికార్డులు చేర్చబడవు.
extend_by~|~Extend By~|~పొడిగించండి
extension_approved~|~Extension approved.~|~పొడిగింపు ఆమోదించబడింది.
extension_note~|~Customer is requesting more time on this loan. Approving updates Grace Status and writes an audit entry; rejecting makes no change and is not audited.~|~కస్టమర్ ఈ రుణంపై మరింత సమయం అభ్యర్థిస్తున్నారు. ఆమోదించడం గ్రేస్ స్థితిని అప్‌డేట్ చేసి ఆడిట్ ఎంట్రీ రాస్తుంది; తిరస్కరించడం ఎలాంటి మార్పు చేయదు మరియు ఆడిట్ కాదు.
extension_rejected~|~Extension rejected.~|~పొడిగింపు తిరస్కరించబడింది.
extension_requested~|~Extension Requested~|~పొడిగింపు అభ్యర్థించారు
extension_resolves_to_note~|~{days} days — until {date}.~|~{days} రోజులు — {date} వరకు.
face_value~|~Face Value~|~ముఖ విలువ
face_value_field~|~Face Value *~|~ముఖ విలువ *
father_husband_name~|~Father / Husband Name~|~తండ్రి / భర్త పేరు
father_husband_name_field~|~Father / Husband Name *~|~తండ్రి / భర్త పేరు *
february~|~February~|~ఫిబ్రవరి
female~|~Female~|~స్త్రీ
festival~|~Festival~|~పండుగ
filter_by_status~|~Filter by status~|~స్థితి ద్వారా వడపోత
filters~|~Filters~|~ఫిల్టర్లు
final_profit~|~Final profit~|~తుది లాభం
final_review~|~Final Review~|~తుది సమీక్ష
financial_year~|~Financial Year~|~ఆర్థిక సంవత్సరం
find_a_business~|~Find a Business~|~వ్యాపారాన్ని కనుగొనండి
find_business_membership_note~|~Find a Business to request Customer membership. Once the Owner or Agent approves, it will appear here.~|~కస్టమర్ సభ్యత్వం కోసం అభ్యర్థించడానికి ఒక వ్యాపారాన్ని కనుగొనండి. యజమాని లేదా ఏజెంట్ ఆమోదించిన తర్వాత, అది ఇక్కడ కనిపిస్తుంది.
find_investor_membership_note~|~Find a Business to request Investor membership. Once the Owner approves, it will appear here.~|~ఇన్వెస్టర్ సభ్యత్వం కోసం అభ్యర్థించడానికి ఒక వ్యాపారాన్ని కనుగొనండి. యజమాని ఆమోదించిన తర్వాత, అది ఇక్కడ కనిపిస్తుంది.
find_link_customer_note~|~Find a customer who already has a MANA LINE ID and link them to this business. Search by Phone, Aadhaar, MANA LINE ID, or Full Name.~|~ఇప్పటికే మానా లైన్ ఐడి ఉన్న కస్టమర్‌ను కనుగొని ఈ వ్యాపారానికి లింక్ చేయండి. ఫోన్, ఆధార్, మానా లైన్ ఐడి, లేదా పూర్తి పేరు ద్వారా శోధించండి.
find_person~|~Find Person~|~వ్యక్తిని కనుగొనండి
finish~|~Finish~|~ముగించండి
finish_migration~|~Finish Migration~|~మైగ్రేషన్ ముగించండి
finish_migration_note~|~Pre-existing record entry will be closed and the business marked Active. You can reopen migration later if something was missed, but every reopen is recorded.~|~ముందుగా ఉన్న రికార్డుల నమోదు మూసివేయబడుతుంది మరియు వ్యాపారం యాక్టివ్‌గా గుర్తించబడుతుంది. ఏదైనా మిస్ అయితే తర్వాత మైగ్రేషన్ తిరిగి తెరవవచ్చు, కానీ ప్రతి తిరిగి తెరవడం నమోదు చేయబడుతుంది.
finish_migration_question~|~Finish Migration?~|~మైగ్రేషన్ ముగించాలా?
first_business_setup~|~First Business Setup~|~మొదటి వ్యాపార ఏర్పాటు
first_investment_optional_note~|~Leave blank to add them now and record the investment from their profile later.~|~ఇప్పుడే జోడించి, పెట్టుబడిని తర్వాత వారి ప్రొఫైల్ నుండి నమోదు చేయడానికి ఖాళీగా వదిలేయండి.
fits_plan_note~|~That fits the {plan} plan.~|~అది {plan} ప్లాన్‌కు సరిపోతుంది.
fixed_salary~|~Fixed Salary~|~స్థిర జీతం
fixed_salary_amount_field~|~Fixed Salary Amount *~|~స్థిర జీతం మొత్తం *
flat_amount~|~Flat Amount~|~నిర్ణీత మొత్తం
forgot_password~|~Forgot Password?~|~పాస్‌వర్డ్ మర్చిపోయారా?
forgot_password_note~|~Enter your registered mobile number and we'll send you a one-time code.~|~మీ నమోదిత మొబైల్ నంబర్ నమోదు చేయండి, మేము మీకు ఒక్కసారి వాడే కోడ్ పంపుతాము.
forgot_password_question~|~Forgot Password?~|~పాస్‌వర్డ్ మర్చిపోయారా?
forgot_password_title~|~Forgot Password~|~పాస్‌వర్డ్ మర్చిపోయారు
forgot_pin~|~Forgot PIN?~|~పిన్ మర్చిపోయారా?
forgot_pin_title~|~Forgot PIN~|~పిన్ మర్చిపోయారు
frequency~|~Frequency~|~తరచుదనం
frequency_field~|~Frequency~|~తరచుదనం
from_agent_note~|~From {name}~|~{name} నుండి
from_the_pin_code_directory~|~From the PIN code directory~|~పిన్ కోడ్ డైరెక్టరీ నుండి
from_to_date_range_note~|~From: {from}  To: {to}~|~నుండి: {from}  వరకు: {to}
frozen_terms_note~|~Frozen terms at time of investment — never live-recalculated.~|~పెట్టుబడి సమయంలో స్థిరపడిన నిబంధనలు — ఎప్పుడూ లైవ్‌గా తిరిగి లెక్కించబడవు.
full_name~|~Full Name~|~పూర్తి పేరు
full_name_field~|~Full Name *~|~పూర్తి పేరు *
future_effective_information~|~Future Effective Information~|~భవిష్యత్ ప్రభావ సమాచారం
gender~|~Gender~|~లింగం
get_template~|~Get Template~|~టెంప్లేట్ పొందండి
go_back~|~Go Back~|~వెనుకకు వెళ్లండి
go_to_operating_areas~|~Go to Operating Areas~|~పని ప్రాంతాలకు వెళ్లండి
grace~|~Grace~|~గ్రేస్
grace_expired~|~Grace Ended~|~గ్రేస్ ముగిసింది
grace_period~|~Grace Period~|~గ్రేస్ పీరియడ్
grace_period_days_field~|~Grace Period (Days) *~|~గ్రేస్ పీరియడ్ (రోజులు) *
grace_period_days_header~|~Grace Period (Days)~|~గ్రేస్ పీరియడ్ (రోజులు)
grace_period_days_label~|~Grace Period (Days)~|~గ్రేస్ పీరియడ్ (రోజులు)
grace_period_end_date~|~Grace Period End Date~|~గ్రేస్ పీరియడ్ ముగింపు తేదీ
grace_period_internal_note~|~Internal only — never shown to the customer (BR-206). Owner-configurable, overridable per loan (BR-007/381).~|~అంతర్గతం మాత్రమే — కస్టమర్‌కు ఎప్పుడూ చూపబడదు. యజమాని కాన్ఫిగర్ చేయవచ్చు, ప్రతి రుణానికి భర్తీ చేయవచ్చు.
grace_period_label~|~Grace Period~|~గ్రేస్ పీరియడ్
grace_period_note~|~Internal only — never shown to the customer (BR-206). Owner-configurable, overridable per loan (BR-007/381).~|~అంతర్గతం మాత్రమే — కస్టమర్‌కు ఎప్పుడూ చూపబడదు. యజమాని కాన్ఫిగర్ చేయగలరు, ప్రతి రుణానికి మార్చవచ్చు.
grace_resolves_to_note~|~Saved as {days} days~|~{days} రోజులుగా సేవ్ చేయబడుతుంది
grace_status~|~Grace Status~|~గ్రేస్ స్థితి
grace_stops_future_penalties_note~|~Grace stops future penalties. A penalty already applied stays on the balance -- use Waive / Reduce Penalty to remove one.~|~గ్రేస్ భవిష్యత్ జరిమానాలను ఆపుతుంది. ఇప్పటికే వర్తింపజేసిన జరిమానా నిల్వలోనే ఉంటుంది -- దాన్ని తీసివేయడానికి జరిమానా మాఫీ / తగ్గింపు వాడండి.
group_balance~|~Group Balance~|~గ్రూప్ నిల్వ
group_customers_loans~|~Customers & Loans~|~కస్టమర్లు & రుణాలు
group_daily_work~|~Daily Work~|~రోజువారీ పని
group_deleting~|~Deleting~|~తొలగించడం
group_detail~|~Group Detail~|~గ్రూప్ వివరాలు
group_emi~|~Group EMI~|~గ్రూప్ EMI
group_loan_management~|~Group Loan Management~|~సమూహ రుణ నిర్వహణ
group_loans~|~Group Loans~|~సమూహ రుణాలు
group_money_records~|~Money & Records~|~డబ్బు & రికార్డులు
group_name_field~|~Group Name~|~గ్రూప్ పేరు
group_pre_existing_records~|~Pre-Existing Records~|~ముందుగా ఉన్న రికార్డులు
group_visibility~|~Visibility~|~కనిపించే విధానం
guarantor~|~Guarantor~|~పూచీకత్తుదారు
guarantor_loan_scoped_note~|~Guarantor is loan-scoped, not customer-scoped.~|~పూచీకత్తుదారు రుణానికి సంబంధించినది, కస్టమర్‌కు కాదు.
guarantor_name_field~|~Guarantor Name *~|~పూచీకత్తుదారు పేరు *
guarantor_scope_note~|~Guarantor is loan-scoped, not customer-scoped — different loans for the same customer may have different guarantors.~|~పూచీకత్తుదారు రుణానికి పరిమితం, కస్టమర్‌కు కాదు — అదే కస్టమర్ యొక్క వేర్వేరు రుణాలకు వేర్వేరు పూచీకత్తుదారులు ఉండవచ్చు.
hand_business_to_someone~|~Hand This Business to Someone~|~ఈ వ్యాపారాన్ని ఎవరికైనా అప్పగించండి
hand_over_balance~|~Hand Over Balance~|~అప్పగించే నిల్వ
handed_over_amount_note~|~Handing over {amount}. Approving moves it to you and closes their account.~|~{amount} అప్పగిస్తున్నారు. ఆమోదిస్తే అది మీకు వస్తుంది, వారి ఖాతా మూసివేయబడుతుంది.
held_by_agents~|~Held By Agents~|~ఏజెంట్ల వద్ద ఉన్నది
highest_first~|~Highest First~|~ఎక్కువ మొదట
history~|~History~|~చరిత్ర
home~|~Home~|~హోమ్
house_locked~|~House Locked~|~ఇల్లు లాక్ చేయబడింది
how_it_was_paid~|~How It Was Paid~|~ఎలా చెల్లించారు
identity_documents~|~Identity Documents~|~గుర్తింపు పత్రాలు
identity_found~|~Identity Found~|~గుర్తింపు కనుగొనబడింది
ignore~|~Ignore~|~పట్టించుకోవద్దు
ignore_all~|~Ignore All (Import)~|~అన్నీ పట్టించుకోవద్దు (దిగుమతి)
ignore_import~|~Ignore (Import)~|~పట్టించుకోవద్దు (దిగుమతి)
ignore_notice_note~|~Puts it away. Nothing is deleted.~|~దీన్ని పక్కన పెడుతుంది. ఏదీ తొలగించబడదు.
im_new_register~|~I'm new — Register~|~నేను కొత్త — నమోదు చేయండి
im_registered_login~|~I'm registered — Login~|~నేను నమోదు చేసుకున్నాను — లాగిన్
import_details~|~Import Details~|~వివరాలు దిగుమతి చేయండి
import_emi_history~|~Import EMI History~|~EMI చరిత్ర దిగుమతి చేయండి
import_identities~|~Import Identities~|~గుర్తింపులు దిగుమతి చేయండి
import_label~|~Import~|~దిగుమతి
import_records~|~Import Records~|~రికార్డులు దిగుమతి చేయండి
import_records_note~|~Enter loans your business already had before it came onto MANA LINE. If any row is wrong, nothing is imported — fix the sheet and upload it again.~|~మానా లైన్‌కు రాకముందే మీ వ్యాపారంలో ఉన్న రుణాలను నమోదు చేయండి. ఏదైనా వరుస తప్పు అయితే, ఏదీ దిగుమతి కాదు — షీట్ సరిచేసి మళ్లీ అప్‌లోడ్ చేయండి.
in_grace_period~|~In Grace Period~|~గ్రేస్ పీరియడ్‌లో ఉంది
in_session~|~In Session~|~సెషన్‌లో
inactive~|~Inactive~|~నిష్క్రియం
incomplete_profile~|~Incomplete Profile~|~అసంపూర్ణ ప్రొఫైల్
incomplete_profile_note~|~This member exists as an internal record only, usable for manual/offline collection and record-keeping. Cannot receive SMS, receive OTP, accept agreements, or request online services until profile completion.~|~ఈ సభ్యుడు అంతర్గత రికార్డుగా మాత్రమే ఉన్నారు, మాన్యువల్/ఆఫ్‌లైన్ వసూలు మరియు రికార్డు నిర్వహణకు ఉపయోగపడతారు. ప్రొఫైల్ పూర్తయ్యే వరకు SMS, OTP అందుకోలేరు, ఒప్పందాలు అంగీకరించలేరు, లేదా ఆన్‌లైన్ సేవలు అభ్యర్థించలేరు.
installment~|~Installment~|~వాయిదా
installment_amount~|~Installment Amount~|~వాయిదా మొత్తం
installment_amount_field~|~Installment Amount *~|~వాయిదా మొత్తం *
installment_amount_required_field~|~Installment Amount *~|~వాయిదా మొత్తం *
installment_due~|~Installment Due~|~వాయిదా బకాయి
installment_label~|~Installment~|~వాయిదా
instalment_amount_emi_field~|~Instalment Amount (EMI) *~|~వాయిదా మొత్తం (EMI) *
instalment_amount_field~|~Instalment Amount *~|~వాయిదా మొత్తం *
instalment_required_field~|~Instalment *~|~వాయిదా *
instalments~|~Instalments~|~వాయిదాలు
instalments_already_paid_field~|~Instalments Already Paid~|~ఇప్పటికే చెల్లించిన వాయిదాలు
instalments_created_note~|~{count} instalments will be created. They begin only once the migration is finished, not today.~|~{count} వాయిదాలు సృష్టించబడతాయి. మైగ్రేషన్ ముగిసిన తర్వాతే అవి మొదలవుతాయి, ఈ రోజు కాదు.
instalments_still_to_pay_suffix~|~ — {count} instalments still to pay~|~ — ఇంకా {count} వాయిదాలు చెల్లించాలి
instalments_x_of_y~|~{paid} of {total}~|~{total}లో {paid}
interest~|~Interest~|~వడ్డీ
interest_accrued~|~Interest Accrued~|~పోగుపడిన వడ్డీ
interest_due~|~Interest Due~|~రావలసిన వడ్డీ
interest_field~|~Interest~|~వడ్డీ
interest_ledger~|~Interest Ledger~|~వడ్డీ లెడ్జర్
interest_method~|~Interest Method~|~వడ్డీ పద్ధతి
interest_only~|~Interest Only~|~వడ్డీ మాత్రమే
interest_paid_to_date~|~Interest Paid to Date~|~ఇప్పటివరకు చెల్లించిన వడ్డీ
interest_payable~|~Interest Payable~|~చెల్లించవలసిన వడ్డీ
interest_portion_field~|~Interest Portion *~|~వడ్డీ భాగం *
interest_required_field~|~Interest *~|~వడ్డీ *
interest_type~|~Interest Type~|~వడ్డీ రకం
invested~|~Invested~|~పెట్టుబడి పెట్టినది
investment_balance~|~Investment Balance~|~పెట్టుబడి నిల్వ
investment_detail~|~Investment Detail~|~పెట్టుబడి వివరాలు
investment_meta_note~|~{id} · {roi} · {method} · since {date}~|~{id} · {roi} · {method} · {date} నుండి
investment_options~|~Investment Options~|~పెట్టుబడి ఎంపికలు
investments~|~Investments~|~పెట్టుబడులు
investor~|~Investor~|~పెట్టుబడిదారు
investor_added_record_investment_note~|~{name} was added. Open their profile to record the investment.~|~{name} జోడించబడ్డారు. పెట్టుబడిని నమోదు చేయడానికి వారి ప్రొఫైల్ తెరవండి.
investor_dashboard~|~Investor Dashboard~|~పెట్టుబడిదారు డాష్‌బోర్డ్
investor_dep~|~Investor Dep.~|~పెట్టుబడిదారు జమ
investor_management~|~Investor Management~|~పెట్టుబడిదారుల నిర్వహణ
investor_requests~|~Investor Requests~|~పెట్టుబడిదారు అభ్యర్థనలు
investor_wd~|~Investor W/D~|~పెట్టుబడిదారు ఉపసంహరణ
investors~|~Investors~|~పెట్టుబడిదారులు
investors_count_note~|~{count} Investors~|~{count} పెట్టుబడిదారులు
invitation_sent_note~|~Invitation sent — status Pending Invitation.~|~ఆహ్వానం పంపబడింది — స్థితి పెండింగ్ ఆహ్వానం.
invitations_to_you~|~Invitations to You~|~మీకు ఆహ్వానాలు
invited_you_as_note~|~Invited you to join as {role}~|~{role}గా చేరమని మిమ్మల్ని ఆహ్వానించారు
issued_outstanding_note~|~Issued {date} · Outstanding {amount}~|~జారీ చేసినది {date} · బాకీ {amount}
items_count_note~|~{count} item(s)~|~{count} అంశం(లు)
items_must_be_resolved_note~|~The following items must be resolved before Cash Verification can open.~|~నగదు ధృవీకరణ తెరవడానికి ముందు ఈ క్రింది అంశాలు పరిష్కరించాలి.
items_outstanding_note~|~{count} item(s) outstanding~|~{count} అంశం(లు) బాకీ ఉన్నాయి
january~|~January~|~జనవరి
joined_date~|~Joined Date~|~చేరిన తేదీ
joined_date_label~|~Joined Date~|~చేరిన తేదీ
july~|~July~|~జూలై
june~|~June~|~జూన్
last_login~|~Last Login~|~చివరి లాగిన్
last_n_days~|~Last {count} Days~|~గత {count} రోజులు
last_n_months~|~Last {n} months~|~గత {n} నెలలు
last_sync~|~Last Sync~|~చివరి సింక్
last_transaction~|~Last Transaction~|~చివరి లావాదేవీ
launches_global_workflow_note~|~Launches OW-014 Global Workflow.~|~OW-014 గ్లోబల్ వర్క్‌ఫ్లో ప్రారంభిస్తుంది.
lending_rules~|~Lending Rules~|~రుణ నియమాలు
less_than_the_instalment~|~Less Than The Instalment~|~వాయిదా కంటే తక్కువ
line_balance_label~|~Line balance — still with customers~|~లైన్ నిల్వ — ఇంకా కస్టమర్ల వద్ద
line_balance_note~|~Line balance is deliberately outside BF — that money is out on the line, not in the cash box.~|~లైన్ నిల్వ ఉద్దేశపూర్వకంగా BF వెలుపల ఉంది — ఆ డబ్బు లైన్‌లో ఉంది, నగదు పెట్టెలో కాదు.
line_repayment_index~|~Line Repayment Index~|~లైన్ రీపేమెంట్ ఇండెక్స్
live_activity~|~Live Activity~|~ప్రత్యక్ష కార్యకలాపం
live_business_activity~|~Live Business Activity~|~ప్రత్యక్ష వ్యాపార కార్యకలాపం
live_collected~|~Live Collected~|~ప్రత్యక్ష వసూలు
live_photo~|~Live Photo~|~లైవ్ ఫోటో
live_photo_from_registration_note~|~Taken at registration. Cannot be changed.~|~నమోదు సమయంలో తీయబడింది. మార్చలేరు.
live_photo_mandatory_note~|~Mandatory before this loan can be created (BR-036/081, fraud prevention). Camera capture only — gallery upload is never offered.~|~ఈ రుణం సృష్టించే ముందు తప్పనిసరి (మోసం నివారణ కోసం). కెమెరా క్యాప్చర్ మాత్రమే — గ్యాలరీ అప్‌లోడ్ ఎప్పుడూ ఇవ్వబడదు.
live_photo_note~|~Mandatory before this loan can be created (BR-036/081, fraud prevention). Camera capture only — gallery upload is never offered.~|~ఈ రుణం సృష్టించడానికి ముందు తప్పనిసరి (మోసం నివారణ). కెమెరా క్యాప్చర్ మాత్రమే — గ్యాలరీ అప్‌లోడ్ ఎప్పుడూ అందించబడదు.
loading_ellipsis~|~Loading...~|~లోడ్ అవుతోంది...
loan_amount~|~Loan Amount~|~రుణ మొత్తం
loan_closed_note~|~Loan closed.~|~రుణం మూసివేయబడింది.
loan_count~|~Loan Count~|~రుణాల సంఖ్య
loan_created_note~|~Loan {number} created — active.~|~రుణం {number} సృష్టించబడింది — యాక్టివ్.
loan_creation_blocked_note~|~Loan Creation Blocked (BR-165). Top up BF Cash after the Owner sends money outside the app, or receive a BF Cash Transfer from another Agent — see the BF Cash Transfer section on the previous screen.~|~రుణ సృష్టి నిరోధించబడింది (BR-165). యజమాని యాప్ వెలుపల డబ్బు పంపిన తర్వాత BF నగదు టాప్ అప్ చేయండి, లేదా మరో ఏజెంట్ నుండి BF నగదు బదిలీ స్వీకరించండి.
loan_detail~|~Loan Detail~|~రుణ వివరాలు
loan_details~|~Loan Details~|~రుణ వివరాలు
loan_dist~|~Loan Dist.~|~రుణ పంపిణీ
loan_distribution~|~Loan Distribution~|~రుణ పంపిణీ
loan_distribution_screen~|~Loan Distribution~|~రుణ పంపిణీ
loan_given_by~|~Loan Given By~|~రుణం ఇచ్చినవారు
loan_information~|~Loan Information~|~రుణ సమాచారం
loan_issued_on_note~|~Issued {date}~|~{date}న ఇవ్వబడింది
loan_number~|~Loan Number~|~రుణ నంబర్
loan_number_note~|~Loan {number}~|~రుణం {number}
loan_problem_balance_above_repayment~|~Remaining balance cannot be more than the repayment amount.~|~మిగిలిన బ్యాలెన్స్ తిరిగి చెల్లింపు మొత్తం కంటే ఎక్కువ ఉండకూడదు.
loan_problem_negative_interest~|~Repayment is less than the amount given plus the fee. Check these three figures.~|~తిరిగి చెల్లింపు, ఇచ్చిన మొత్తం మరియు ఫీజు కంటే తక్కువగా ఉంది. ఈ మూడు సంఖ్యలను సరిచూడండి.
loan_problem_no_instalment~|~Enter the instalment amount.~|~వాయిదా మొత్తాన్ని నమోదు చేయండి.
loan_problem_nothing_outstanding~|~Nothing is outstanding, so there is no loan to bring across.~|~బాకీ ఏమీ లేదు, కాబట్టి తీసుకురావడానికి రుణం లేదు.
loan_problem_unknown_frequency~|~Choose Daily, Weekly or Monthly.~|~రోజువారీ, వారానికి లేదా నెలవారీ ఎంచుకోండి.
loan_requests~|~Loan Requests~|~రుణ అభ్యర్థనలు
loan_saved_for_note~|~Loan saved for {name}.~|~{name} కోసం రుణం సేవ్ చేయబడింది.
loan_to~|~Loan To~|~రుణం ఇచ్చినది
loans~|~Loans~|~రుణాలు
loans_already_entered~|~{count} already entered~|~{count} ఇప్పటికే నమోదైంది
loans_given~|~Loans Given~|~ఇచ్చిన రుణాలు
loans_imported_note~|~{count} loans imported.~|~{count} రుణాలు దిగుమతి చేయబడ్డాయి.
loans_issued~|~Loans Issued~|~జారీ చేసిన రుణాలు
location~|~Location~|~ప్రదేశం
lock_account~|~Lock Account~|~ఖాతా లాక్ చేయండి
locked~|~Locked~|~లాక్ చేయబడింది
login~|~Login~|~లాగిన్
login_button~|~Login~|~లాగిన్
login_or_register_title~|~Get Started~|~ప్రారంభించండి
login_with_password~|~Login with Password~|~పాస్‌వర్డ్‌తో లాగిన్ చేయండి
login_with_pin~|~Login With PIN~|~పిన్‌తో లాగిన్ చేయండి
logout~|~Logout~|~లాగ్ అవుట్
long_press_to_correct~|~Long press to correct this entry~|~ఈ నమోదును సవరించడానికి నొక్కి పట్టుకోండి
look_up~|~Look Up~|~వెతకండి
looks_like_existing_customer~|~looks like an existing customer~|~ఇప్పటికే ఉన్న కస్టమర్‌లా కనిపిస్తుంది
lowest_first~|~Lowest First~|~తక్కువ మొదట
make_a_payment~|~Make a Payment~|~చెల్లింపు చేయండి
male~|~Male~|~పురుషుడు
mana_chits_coming_soon~|~MANA Cheeti — coming soon — version 2~|~మానా చీటీ — త్వరలో — వెర్షన్ 2
manage_agents~|~Manage Agents~|~ఏజెంట్లను నిర్వహించండి
mandal_district_field~|~Mandal / District~|~మండలం / జిల్లా
mandal_field~|~Mandal *~|~మండలం *
many_people_use_the_wizard_note~|~This stage has {count} people. One by one means {count} screens — the Bulk Onboarding Wizard is faster for this many.~|~ఈ దశలో {count} మంది ఉన్నారు. ఒక్కొక్కరిగా అంటే {count} స్క్రీన్‌లు — ఇంత మందికి బల్క్ ఆన్‌బోర్డింగ్ విజార్డ్ వేగవంతమైనది.
march~|~March~|~మార్చి
mark_all_read~|~Mark All Read~|~అన్నీ చదివినట్లు గుర్తించండి
mark_paid~|~Mark Paid~|~చెల్లించినట్లు గుర్తించండి
mark_profile_complete~|~Mark Profile Complete~|~ప్రొఫైల్ పూర్తయినట్లు గుర్తించండి
mark_read~|~Mark Read~|~చదివినట్లు గుర్తించండి
mark_short_recovered~|~Mark Recovered~|~తిరిగి వచ్చినట్లు గుర్తించండి
max_resend_attempts~|~Maximum resend attempts reached~|~గరిష్ట పునఃపంపే ప్రయత్నాలు చేరుకున్నాయి
may~|~May~|~మే
medical_emergency~|~Medical Emergency~|~వైద్య అత్యవసరం
member_added_note~|~{name} added to this business.~|~{name} ఈ వ్యాపారానికి జోడించబడ్డారు.
member_completes_note~|~These cannot be done on the member's behalf — the credential is theirs to set and the OTP goes to their phone.~|~ఇవి సభ్యుడి తరపున చేయలేరు — క్రెడెన్షియల్ వారు సెట్ చేయాలి మరియు OTP వారి ఫోన్‌కు వెళ్తుంది.
member_completes_these~|~Member Completes These~|~సభ్యుడు వీటిని పూర్తి చేస్తారు
member_sets_at_first_login~|~Member sets this at First Login~|~సభ్యుడు మొదటి లాగిన్‌లో దీన్ని సెట్ చేస్తారు
members~|~Members~|~సభ్యులు
members_count_note~|~{count} members~|~{count} సభ్యులు
membership_fixed_note~|~Membership is fixed permanently at creation — no additions or removals.~|~సభ్యత్వం సృష్టి సమయంలో శాశ్వతంగా నిర్ణయించబడుతుంది — జోడింపులు లేదా తొలగింపులు లేవు.
membership_status~|~Membership Status~|~సభ్యత్వ స్థితి
merge_all~|~Merge All (Skip)~|~అన్నీ విలీనం (దాటవేయి)
merge_skip~|~Merge (Skip)~|~విలీనం (దాటవేయి)
migrate_existing_book~|~Bring Your Existing Book Across~|~మీ ప్రస్తుత పుస్తకాన్ని తీసుకురండి
migrate_existing_book_note~|~Import the weeks you already have on paper — opening balance, collections, expenses and investors.~|~మీ వద్ద కాగితంపై ఉన్న వారాలను దిగుమతి చేయండి — ప్రారంభ నిల్వ, వసూళ్లు, ఖర్చులు మరియు పెట్టుబడిదారులు.
migrate_existing_book_step_note~|~Optional. If this business already runs on paper, bring its book across now. Skip if it is starting fresh.~|~ఐచ్ఛికం. ఈ వ్యాపారం ఇప్పటికే కాగితంపై నడుస్తుంటే, దాని పుస్తకాన్ని ఇప్పుడు తీసుకురండి. కొత్తగా ప్రారంభిస్తే దాటవేయండి.
migration_closed~|~Migration Closed~|~మైగ్రేషన్ మూసివేయబడింది
migration_locked_note~|~This business was started on {date}. Reopen migration to enter records from the old book.~|~ఈ వ్యాపారం {date}న ప్రారంభమైంది. పాత పుస్తకం నుండి రికార్డులను నమోదు చేయడానికి మైగ్రేషన్ తిరిగి తెరవండి.
migration_open~|~Migration Open~|~మైగ్రేషన్ తెరిచి ఉంది
migration_open_note~|~Enter the loans that were already running when you joined. Each one records what you gave out and what has come back.~|~మీరు చేరినప్పుడు ఇప్పటికే నడుస్తున్న రుణాలను నమోదు చేయండి. ప్రతి ఒక్కటి మీరు ఇచ్చినది మరియు తిరిగి వచ్చినది నమోదు చేస్తుంది.
minimum_information~|~Minimum Information~|~కనీస సమాచారం
mixed~|~Mixed~|~మిశ్రమ
mixed_payment~|~Mixed Payment~|~మిశ్రమ చెల్లింపు
mlid_colon_note~|~MLID: {mlid}~|~MLID: {mlid}
mlid_correction_record~|~MLID Correction Record (Read-Only)~|~MLID దిద్దుబాటు రికార్డు (చదవడానికి మాత్రమే)
mlid_field~|~MLID~|~MLID
mobile_dob_aadhaar~|~Mobile · DOB · Aadhaar~|~మొబైల్ · పుట్టిన తేదీ · ఆధార్
mobile_number~|~Mobile Number~|~మొబైల్ నంబర్
mobile_number_field~|~Mobile Number~|~మొబైల్ నంబర్
mobile_number_optional_field~|~Mobile Number (optional)~|~మొబైల్ నంబర్ (ఐచ్ఛికం)
mobile_number_required_field~|~Mobile Number *~|~మొబైల్ నంబర్ *
mobile_on_file_tap_edit~|~Mobile on file — tap to edit~|~మొబైల్ ఫైల్‌లో ఉంది — మార్చడానికి నొక్కండి
money_received~|~Money Received~|~అందిన డబ్బు
money_spent~|~Money Spent~|~ఖర్చు చేసిన డబ్బు
month_totals_from_ledger_note~|~These totals come from the day ledger, not from the rows listed above.~|~ఈ మొత్తాలు పైన ఉన్న వరుసల నుండి కాదు, రోజు లెడ్జర్ నుండి వచ్చాయి.
monthly~|~Monthly~|~నెలవారీ
monthly_closing~|~Monthly Closing~|~నెలవారీ ముగింపు
months~|~Months~|~నెలలు
more_options~|~More Options~|~మరిన్ని ఎంపికలు
more_than_the_instalment~|~More Than The Instalment~|~వాయిదా కంటే ఎక్కువ
move_cash_to_float_note~|~Move cash from your own balance into {name}'s float.~|~మీ సొంత నిల్వ నుండి {name} యొక్క ఫ్లోట్‌కు నగదు తరలించండి.
must_be_10_digits~|~Must be 10 digits~|~10 అంకెలు ఉండాలి
must_be_12_digits~|~Must be 12 digits~|~12 అంకెలు ఉండాలి
my_account~|~My Account~|~నా ఖాతా
my_compensation~|~My Compensation~|~నా వేతనం
my_investments~|~My Investments~|~నా పెట్టుబడులు
my_loans~|~My Loans~|~నా రుణాలు
my_profile~|~My Profile~|~నా ప్రొఫైల్
my_profile_memberships~|~My Profile / Memberships~|~నా ప్రొఫైల్ / సభ్యత్వాలు
my_profile_memberships_title~|~My Profile / Memberships~|~నా ప్రొఫైల్ / సభ్యత్వాలు
my_statements~|~My Statements~|~నా స్టేట్‌మెంట్‌లు
my_summary~|~My Summary~|~నా సారాంశం
my_work~|~My Work~|~నా పని
n_of_m_selected~|~{count} of {total} selected~|~{total}లో {count} ఎంచుకోబడ్డాయి
n_selected~|~{count} Selected~|~{count} ఎంచుకోబడ్డాయి
name_field~|~Name *~|~పేరు *
name_in_telugu_helper~|~Shown in the app only. Your Aadhaar name above stays on official records.~|~యాప్‌లో మాత్రమే కనిపిస్తుంది. అధికారిక రికార్డులలో పైన ఉన్న ఆధార్ పేరే ఉంటుంది.
name_in_telugu_optional_field~|~Name in Telugu (optional)~|~తెలుగులో పేరు (ఐచ్ఛికం)
natural_disaster~|~Natural Disaster~|~ప్రకృతి వైపరీత్యం
need_guarantor~|~Need Guarantor?~|~పూచీకత్తుదారు అవసరమా?
need_guarantor_question~|~Need Guarantor?~|~పూచీకత్తుదారు అవసరమా?
needs_your_approval~|~Needs Your Approval~|~మీ ఆమోదం కావాలి
net_cash_movement~|~Net Cash Movement~|~నికర నగదు కదలిక
net_change_this_view~|~Net Change (This View)~|~నికర మార్పు (ఈ వీక్షణ)
net_position~|~Net position~|~నికర స్థితి
never~|~Never~|~ఎప్పుడూ లేదు
never_deletes_history_note~|~This never deletes {name}'s history — only changes their membership status.~|~ఇది {name} యొక్క చరిత్రను ఎప్పుడూ తొలగించదు — వారి సభ్యత్వ స్థితిని మాత్రమే మారుస్తుంది.
new person~|~New Person~|~కొత్త వ్యక్తి
new_balance~|~New Balance: {amount}~|~కొత్త బ్యాలెన్స్: {amount}
new_customer_present_note~|~New customer must be physically present — this reuses the same registration fields as account registration.~|~కొత్త కస్టమర్ ప్రత్యక్షంగా హాజరు కావాలి — ఇది ఖాతా నమోదు వలె అదే నమోదు ఫీల్డ్‌లను తిరిగి ఉపయోగిస్తుంది.
new_loan~|~New Loan~|~కొత్త రుణం
new_loan_cash_note~|~Money going out today, from your cash in hand.~|~ఈ రోజు మీ చేతిలోని నగదు నుండి వెళ్తున్న డబ్బు.
new_mlid_note~|~New MLID: {mlid}~|~కొత్త MLID: {mlid}
new_password_field~|~New Password *~|~కొత్త పాస్‌వర్డ్ *
new_penalty_amount~|~New Penalty Amount~|~కొత్త జరిమానా మొత్తం
new_person~|~New Person~|~కొత్త వ్యక్తి
next_due_note~|~Next due {amount} on {date}~|~తదుపరి బకాయి {amount}, {date}న
next_installment~|~Next Installment~|~తదుపరి వాయిదా
next_payment_due~|~Next Payment Due~|~తదుపరి చెల్లింపు గడువు
next_step~|~Next Step~|~తదుపరి దశ
no~|~No~|~కాదు
no_access_days_granted~|~No access days granted this session.~|~ఈ సెషన్‌లో యాక్సెస్ రోజులు మంజూరు కాలేదు.
no_account_periods_yet_detail~|~{count} of your areas are assigned to an agent, so a period was expected here. Pull to refresh; if it stays empty this is worth reporting.~|~మీ ప్రాంతాలలో {count} ఏజెంట్‌కు కేటాయించబడ్డాయి, కాబట్టి ఇక్కడ ఒక వ్యవధి ఆశించబడింది. రిఫ్రెష్ చేయడానికి లాగండి; అది ఖాళీగానే ఉంటే ఇది నివేదించదగినది.
no_account_periods_yet_headline~|~No account periods yet~|~ఇంకా ఖాతా వ్యవధులు లేవు
no_accounts_pending_review~|~No accounts pending review.~|~సమీక్షకు పెండింగ్ ఖాతాలు లేవు.
no_active_agents_found~|~No active agents found.~|~యాక్టివ్ ఏజెంట్లు కనుగొనబడలేదు.
no_active_agents_note~|~No Active agents in this business yet — add one from Workforce Management first. If you work this round yourself, add yourself as an agent.~|~ఈ వ్యాపారంలో ఇంకా యాక్టివ్ ఏజెంట్లు లేరు — ముందుగా వర్క్‌ఫోర్స్ మేనేజ్‌మెంట్ నుండి ఒకరిని జోడించండి. మీరే ఈ రౌండ్ చేస్తుంటే, మిమ్మల్ని ఏజెంట్‌గా జోడించండి.
no_active_members_yet~|~No active members yet.~|~ఇంకా యాక్టివ్ సభ్యులు లేరు.
no_activity_today~|~No activity yet today.~|~ఈరోజు ఇంకా కార్యకలాపం లేదు.
no_address_on_file~|~No address on file.~|~ఫైల్‌లో చిరునామా లేదు.
no_admin_security_events_this_day~|~No administrative/security events this day.~|~ఈ రోజు పరిపాలనా/భద్రతా సంఘటనలు లేవు.
no_agent_assigned~|~No agent assigned~|~ఏ ఏజెంట్ కేటాయించలేదు
no_agent_assigned_area_detail~|~Account periods open when you assign an operating area to an agent. None of your {count} areas has one yet. If you work a round yourself, add yourself as an agent and assign it to you.~|~మీరు ఒక పని ప్రాంతాన్ని ఏజెంట్‌కు కేటాయించినప్పుడు ఖాతా వ్యవధులు తెరుచుకుంటాయి. మీ {count} ప్రాంతాలలో దేనికీ ఇంకా ఒకటి లేదు. మీరే ఒక రౌండ్ చేస్తుంటే, మిమ్మల్ని ఏజెంట్‌గా జోడించి దాన్ని మీకు కేటాయించండి.
no_agent_assigned_area_headline~|~No agent is assigned to an area yet~|~ఇంకా ఏ ప్రాంతానికి ఏజెంట్ కేటాయించలేదు
no_agent_assigned_not_worked~|~No agent assigned — not being worked~|~ఏ ఏజెంట్ కేటాయించలేదు — పని జరగడం లేదు
no_agents_match_view~|~No agents match this view.~|~ఈ వీక్షణకు సరిపోలే ఏజెంట్లు లేరు.
no_agreements_yet~|~No agreements created yet.~|~ఇంకా ఒప్పందాలు సృష్టించలేదు.
no_areas_assigned_yet~|~No areas assigned yet.~|~ఇంకా ప్రాంతాలు కేటాయించలేదు.
no_areas_enabled~|~No areas enabled for you yet. Contact your Owner.~|~మీ కోసం ఇంకా ఏ ప్రాంతం ప్రారంభించలేదు. మీ యజమానిని సంప్రదించండి.
no_assigned_customers_match~|~No assigned customers match this view.~|~ఈ వీక్షణకు సరిపోలే కేటాయించిన కస్టమర్లు లేరు.
no_bf_assignment_note~|~No BF Cash assignment found for this session yet — loan issuance is blocked until the Owner grants BF Cash access via AG-001's Opening BF gate.~|~ఈ సెషన్‌కు ఇంకా BF నగదు కేటాయింపు కనుగొనబడలేదు — యజమాని BF నగదు యాక్సెస్ మంజూరు చేసే వరకు రుణ జారీ నిలిపివేయబడింది.
no_bf_granted_yet~|~No BF Granted Yet~|~ఇంకా BF మంజూరు కాలేదు
no_business_days_yet~|~No business days recorded yet.~|~ఇంకా వ్యాపార దినాలు నమోదు కాలేదు.
no_business_linked~|~No Business Linked~|~ఏ వ్యాపారం లింక్ చేయబడలేదు
no_business_linked_note~|~You're not yet linked to a business. Create a new one, or contact the Owner if you're expecting an existing invitation.~|~మీరు ఇంకా ఏ వ్యాపారంతో లింక్ కాలేదు. కొత్తది సృష్టించండి, లేదా ఇప్పటికే ఉన్న ఆహ్వానం ఆశిస్తుంటే యజమానిని సంప్రదించండి.
no_business_memberships_found~|~No Business Memberships found.~|~వ్యాపార సభ్యత్వాలు కనుగొనబడలేదు.
no_business_memberships_yet~|~No Business Memberships Yet~|~ఇంకా వ్యాపార సభ్యత్వాలు లేవు
no_businesses_found~|~No businesses found.~|~వ్యాపారాలు కనుగొనబడలేదు.
no_businesses_matched~|~No businesses matched your search.~|~మీ శోధనకు వ్యాపారాలు సరిపోలలేదు.
no_businesses_yet_note~|~No businesses yet. Tap "Create Business" to get started.~|~ఇంకా వ్యాపారాలు లేవు. ప్రారంభించడానికి "వ్యాపారం సృష్టించండి" నొక్కండి.
no_chetis_yet_note~|~No cheetis yet. Add one you are already paying, or a new one you have just joined.~|~ఇంకా చీటీలు లేవు. మీరు ఇప్పటికే చెల్లిస్తున్న ఒకదాన్ని, లేదా కొత్తగా చేరిన ఒకదాన్ని జోడించండి.
no_closed_accounts_this_month~|~No closed business-day-accounts this month yet.~|~ఈ నెల ఇంకా మూసివేసిన వ్యాపార-దిన-ఖాతాలు లేవు.
no_collection~|~Didn't Collect~|~వసూలు కాలేదు
no_collection_visit_without_payment~|~No Collection (Visit Without Payment)~|~వసూలు లేదు (చెల్లింపు లేకుండా సందర్శన)
no_collections_this_day~|~No collections this day.~|~ఈ రోజు వసూళ్లు లేవు.
no_collections_yet~|~No collections yet.~|~ఇంకా వసూళ్లు లేవు.
no_confirmed_payments_yet~|~No confirmed payments yet.~|~ఇంకా నిర్ధారించిన చెల్లింపులు లేవు.
no_corrections_adjustments_this_day~|~No corrections/adjustments this day.~|~ఈ రోజు సరిదిద్దుబాట్లు/సర్దుబాట్లు లేవు.
no_customers_due_right_now~|~No customers due right now.~|~ప్రస్తుతం ఎవరూ బకాయి లేరు.
no_customers_match_view~|~No customers match this view.~|~ఈ వీక్షణకు సరిపోలే కస్టమర్లు లేరు.
no_duplicate_loan~|~No Duplicate Loan~|~నకిలీ రుణం లేదు
no_entries_yet~|~No entries yet.~|~ఇంకా ఎంట్రీలు లేవు.
no_expenses_this_day~|~No expenses this day.~|~ఈ రోజు ఖర్చులు లేవు.
no_groups_yet~|~No groups yet~|~ఇంకా గ్రూపులు లేవు
no_groups_yet_detail~|~A group is formed from customers who already have a loan — it groups them for collection only, and does not merge their money. Create the loans first, then come back and group them.~|~ఇప్పటికే రుణం ఉన్న కస్టమర్ల నుండి గ్రూప్ ఏర్పడుతుంది — ఇది వసూలు కోసం మాత్రమే వారిని కలుపుతుంది, వారి డబ్బును కలపదు. ముందుగా రుణాలు సృష్టించి, తర్వాత వాటిని గ్రూప్ చేయండి.
no_guarantor~|~No Guarantor~|~పూచీకత్తుదారు లేరు
no_history_yet~|~No history yet.~|~ఇంకా చరిత్ర లేదు.
no_identity_found~|~No identity found.~|~గుర్తింపు కనుగొనబడలేదు.
no_im_new~|~No, I'm new~|~లేదు, నేను కొత్తవాడిని
no_impact_rows~|~No impact rows returned.~|~ప్రభావ వరుసలు తిరిగి రాలేదు.
no_interest_ledger_entries_yet~|~No interest ledger entries yet.~|~ఇంకా వడ్డీ లెడ్జర్ ఎంట్రీలు లేవు.
no_investments_note~|~Your Business Membership is active. The Owner records the actual investment (Amount, ROI, Interest Method) after receiving funds offline — it will appear here once entered.~|~మీ వ్యాపార సభ్యత్వం యాక్టివ్‌గా ఉంది. యజమాని ఆఫ్‌లైన్‌లో నిధులు అందుకున్న తర్వాత అసలు పెట్టుబడిని (మొత్తం, ROI, వడ్డీ పద్ధతి) నమోదు చేస్తారు — నమోదైన తర్వాత ఇక్కడ కనిపిస్తుంది.
no_investments_recorded_yet~|~No Investments Recorded Yet~|~ఇంకా పెట్టుబడులు నమోదు కాలేదు
no_investor_deposits_this_day~|~No investor deposits this day.~|~ఈ రోజు పెట్టుబడిదారు జమలు లేవు.
no_investor_withdrawals_this_day~|~No investor withdrawals this day.~|~ఈ రోజు పెట్టుబడిదారు ఉపసంహరణలు లేవు.
no_investors_match_view~|~No investors match this view.~|~ఈ వీక్షణకు సరిపోలే పెట్టుబడిదారులు లేరు.
no_loans_distributed_this_day~|~No loans distributed this day.~|~ఈ రోజు రుణాలు పంపిణీ చేయబడలేదు.
no_loans_in_business_note~|~You have no loans in this Business yet.~|~ఈ వ్యాపారంలో మీకు ఇంకా రుణాలు లేవు.
no_loans_yet~|~No Loans Yet~|~ఇంకా రుణాలు లేవు
no_loans_yet_period~|~No loans yet.~|~ఇంకా రుణాలు లేవు.
no_match_create_new_identity~|~No Match Found — Create New Identity~|~సరిపోలిక కనుగొనబడలేదు — కొత్త గుర్తింపును సృష్టించండి
no_match_found_note~|~No match found yet — search to look up this MLID.~|~ఇంకా సరిపోలిక కనుగొనబడలేదు — ఈ MLID కోసం శోధించండి.
no_matching_business_note~|~No matching business found. Check the name/MLBI and try again.~|~సరిపోలే వ్యాపారం కనుగొనబడలేదు. పేరు/MLBI తనిఖీ చేసి మళ్లీ ప్రయత్నించండి.
no_matching_customer~|~No matching customer found.~|~సరిపోలే కస్టమర్ కనుగొనబడలేదు.
no_matching_customer_note~|~No matching customer. New customers must be physically present and created via Customer Management before a first loan can be issued.~|~సరిపోలే కస్టమర్ లేరు. మొదటి రుణం జారీ చేయడానికి ముందు కొత్త కస్టమర్లు ప్రత్యక్షంగా హాజరై కస్టమర్ నిర్వహణ ద్వారా సృష్టించబడాలి.
no_member_selected_note~|~No member selected — create or select a member first.~|~ఏ సభ్యుడు ఎంచుకోబడలేదు — ముందుగా ఒక సభ్యుడిని సృష్టించండి లేదా ఎంచుకోండి.
no_notifications~|~No notifications.~|~నోటిఫికేషన్‌లు లేవు.
no_notifications_yet~|~No notifications yet.~|~ఇంకా నోటిఫికేషన్‌లు లేవు.
no_open_drafts_note~|~No open drafts. Interrupted entries you Save Draft on will show up here.~|~తెరిచిన ముసాయిదాలు లేవు. మీరు ముసాయిదాగా సేవ్ చేసిన అంతరాయ ఎంట్రీలు ఇక్కడ కనిపిస్తాయి.
no_operating_areas_added~|~No Operating Areas added yet.~|~ఇంకా పని ప్రాంతాలు జోడించలేదు.
no_operating_areas_assigned~|~No Operating Areas currently assigned.~|~ప్రస్తుతం పని ప్రాంతాలు కేటాయించలేదు.
no_operating_areas_note~|~No Operating Areas exist yet for this business — add one from Business Management first.~|~ఈ వ్యాపారానికి ఇంకా పని ప్రాంతాలు లేవు — ముందుగా వ్యాపార నిర్వహణ నుండి ఒకటి జోడించండి.
no_operating_areas_yet~|~No Operating Areas yet.~|~ఇంకా పని ప్రాంతాలు లేవు.
no_operating_areas_yet_detail~|~An account period covers one operating area. Add an area first, then assign it to an agent.~|~ఖాతా వ్యవధి ఒక పని ప్రాంతాన్ని కవర్ చేస్తుంది. ముందుగా ఒక ప్రాంతాన్ని జోడించి, తర్వాత దాన్ని ఏజెంట్‌కు కేటాయించండి.
no_operating_areas_yet_headline~|~No operating areas yet~|~ఇంకా పని ప్రాంతాలు లేవు
no_other_active_agent_note~|~No other active agent to transfer to.~|~బదిలీ చేయడానికి మరో యాక్టివ్ ఏజెంట్ లేరు.
no_owner_restrictions~|~No Owner Restrictions~|~యజమాని ఆంక్షలు లేవు
no_payments_yet~|~No payments yet.~|~ఇంకా చెల్లింపులు లేవు.
no_pending_approval~|~No Pending Approval~|~పెండింగ్ ఆమోదం లేదు
no_pending_loan_requests~|~No pending loan requests.~|~పెండింగ్ రుణ అభ్యర్థనలు లేవు.
no_pending_withdrawal_requests~|~No pending withdrawal requests.~|~పెండింగ్ ఉపసంహరణ అభ్యర్థనలు లేవు.
no_permission_view_customers~|~You do not have permission to view customers on this business.~|~ఈ వ్యాపారంలో కస్టమర్లను చూడటానికి మీకు అనుమతి లేదు.
no_profit_share_declarations_yet~|~No profit share declarations yet.~|~ఇంకా లాభ వాటా ప్రకటనలు లేవు.
no_remarks_yet~|~No remarks yet.~|~ఇంకా వ్యాఖ్యలు లేవు.
no_route_assigned~|~No route assigned for the enabled areas in this session.~|~ఈ సెషన్‌లో ప్రారంభించిన ప్రాంతాలకు ఏ మార్గం కేటాయించలేదు.
no_schedule_available~|~No schedule available.~|~షెడ్యూల్ అందుబాటులో లేదు.
no_short_excess_adjustments~|~No Short/Excess adjustments.~|~తక్కువ/అధిక సర్దుబాట్లు లేవు.
no_short_to_record~|~Nothing Owed~|~ఏమీ బాకీ లేదు
no_transactions_match_filters~|~No Transactions Match These Filters~|~ఈ ఫిల్టర్లకు సరిపోయే లావాదేవీలు లేవు
no_transactions_recorded_yet~|~No transactions recorded yet.~|~ఇంకా లావాదేవీలు నమోదు కాలేదు.
no_transactions_yet~|~No transactions yet.~|~ఇంకా లావాదేవీలు లేవు.
no_transfers_note~|~No transfers — {title}.~|~బదిలీలు లేవు — {title}.
no_village_on_file~|~No village on file~|~గ్రామం నమోదు కాలేదు
no_villages_found_for_pin~|~No villages found for that PIN.~|~ఆ పిన్ కోడ్‌కు గ్రామాలు కనుగొనబడలేదు.
no_villages_found_for_search~|~No villages found by that name.~|~ఆ పేరుతో గ్రామాలు కనిపించలేదు.
no_withdrawals_recorded_yet~|~No withdrawals recorded yet.~|~ఇంకా ఉపసంహరణలు నమోదు కాలేదు.
nobody_due_today~|~Nobody due today.~|~ఈరోజు ఎవరూ బకాయి లేరు.
nobody_in_this_stage_yet~|~Nobody in this business holds this role yet.~|~ఈ వ్యాపారంలో ఇంకా ఎవరూ ఈ పాత్రలో లేరు.
none~|~None~|~ఏదీ లేదు
normal~|~Normal~|~సాధారణం
not_a_member_of_business~|~Not a member of this business.~|~ఈ వ్యాపారంలో సభ్యుడు కాదు.
not_available_for_business~|~Not Available for This Business~|~ఈ వ్యాపారానికి అందుబాటులో లేదు
not_blocked~|~Not Blocked~|~బ్లాక్ చేయబడలేదు
not_found_note~|~No one found with that Phone / Aadhaar / MANA LINE ID / Name. Check the value, or use "Add Customer" to register a new person.~|~ఆ ఫోన్ / ఆధార్ / మానా లైన్ ఐడి / పేరుతో ఎవరూ కనుగొనబడలేదు. విలువను తనిఖీ చేయండి, లేదా కొత్త వ్యక్తిని నమోదు చేయడానికి "కస్టమర్ జోడించండి" ఉపయోగించండి.
not_in_any_operating_area~|~Not in any operating area~|~ఏ ఆపరేటింగ్ ప్రాంతంలోనూ లేదు
not_now~|~Not Now~|~ఇప్పుడు కాదు
not_on_this_book_yet~|~Not on this book yet.~|~ఇంకా ఈ పుస్తకంలో లేరు.
not_recovered_since~|~Not collected since~|~నుండి వసూలు కాలేదు
not_verified~|~Not Verified~|~ధృవీకరించలేదు
not_visible~|~Not Visible~|~కనిపించదు
note_optional~|~Note (Optional)~|~గమనిక (ఐచ్ఛికం)
note_optional_field~|~Note (optional)~|~గమనిక (ఐచ్ఛికం)
nothing_collected~|~Nothing Collected~|~ఏమీ వసూలు కాలేదు
nothing_distributed_yet~|~Nothing distributed yet.~|~ఇంకా ఏమీ పంపిణీ చేయలేదు.
nothing_else_to_report~|~Nothing else to report.~|~నివేదించడానికి మరేమీ లేదు.
nothing_entered_for_this_village_yet~|~Nothing entered for this village yet.~|~ఈ గ్రామానికి ఇంకా ఏమీ నమోదు కాలేదు.
nothing_has_been_deleted~|~Nothing has been deleted.~|~ఏదీ తొలగించబడలేదు.
nothing_imported_note~|~Nothing was imported. {count} rows need fixing:~|~ఏదీ దిగుమతి కాలేదు. {count} వరుసలు సరిచేయాలి:
nothing_needs_attention~|~Nothing needs attention right now.~|~ప్రస్తుతం దేనికీ శ్రద్ధ అవసరం లేదు.
nothing_recorded_this_day_yet~|~Nothing recorded this day yet.~|~ఈ రోజు ఇంకా ఏమీ నమోదు కాలేదు.
nothing_to_correct~|~There is no collection entry here to correct.~|~ఇక్కడ సవరించడానికి వసూలు నమోదు ఏదీ లేదు.
nothing_waiting_note~|~Nothing is waiting on you.~|~మీ కోసం ఏమీ వేచి లేదు.
nothing_yet_today~|~Nothing yet today.~|~ఈరోజు ఇంకా ఏమీ లేదు.
notifications~|~Notifications~|~నోటిఫికేషన్‌లు
november~|~November~|~నవంబర్
occupation~|~Occupation~|~వృత్తి
october~|~October~|~అక్టోబర్
offered_to_you~|~Offered to You~|~మీకు ఆఫర్ చేయబడింది
old_mlid_note~|~Old MLID: {mlid}~|~పాత MLID: {mlid}
on_file_tap_add_another~|~On file — tap to add another~|~ఫైల్‌లో ఉంది — మరొకటి జోడించడానికి నొక్కండి
only_active_investors_note~|~Only Active investors can have new investments recorded (current status: {status}).~|~యాక్టివ్ పెట్టుబడిదారులకు మాత్రమే కొత్త పెట్టుబడులు నమోదు చేయవచ్చు (ప్రస్తుత స్థితి: {status}).
only_areas_enabled~|~Only areas enabled by your Owner are shown. Select one or more to start today's Business Session.~|~మీ యజమాని ప్రారంభించిన ప్రాంతాలు మాత్రమే చూపబడతాయి. నేటి వ్యాపార సెషన్ ప్రారంభించడానికి ఒకటి లేదా అంతకంటే ఎక్కువ ఎంచుకోండి.
only_removed_areas_note~|~None being worked. {count} removed area(s) are kept for their past accounts. Add one above to start collecting again.~|~ఏదీ పని చేయబడటం లేదు. {count} తీసివేసిన ప్రాంతాలు వాటి గత ఖాతాల కోసం ఉంచబడ్డాయి. మళ్లీ వసూలు ప్రారంభించడానికి పైన ఒకటి జోడించండి.
open~|~Open~|~తెరిచి ఉంది
open_customer_to_lend_note~|~Open this customer from the customer list to lend to them.~|~వారికి రుణం ఇవ్వడానికి కస్టమర్ జాబితా నుండి ఈ కస్టమర్‌ను తెరవండి.
open_label~|~Open~|~తెరవండి
open_status~|~Open~|~తెరిచి ఉంది
open_target_not_available~|~Open target not available in this build yet.~|~ఈ బిల్డ్‌లో ఓపెన్ టార్గెట్ ఇంకా అందుబాటులో లేదు.
opening_balance~|~Opening Balance~|~ప్రారంభ నిల్వ
opening_balance_bf~|~Opening Balance (BF)~|~ప్రారంభ నిల్వ (BF)
opening_bf~|~Opening (BF)~|~ప్రారంభ (BF)
opening_bf_for_session~|~Opening BF for This Session~|~ఈ సెషన్ కోసం ప్రారంభ BF
opening_cash_for_the_day~|~Cash Carried Into This Day~|~ఈ రోజుకు తెచ్చిన నగదు
opening_gap_note~|~{count} × {amount} would be {implied}. The gap is the dividend you have already earned — enter what you actually paid.~|~{count} × {amount} అయితే {implied} అవుతుంది. ఆ తేడా మీరు ఇప్పటికే సంపాదించిన డివిడెండ్ — మీరు నిజంగా చెల్లించినది నమోదు చేయండి.
opening_matches_note~|~Matches {count} × {amount}.~|~{count} × {amount}తో సరిపోలుతుంది.
operating_area_intro_note~|~An operating area is one round, covering as many villages as the round actually walks. Name it, add its first village here, then attach the rest from the area itself.~|~పని ప్రాంతం అంటే ఒక రౌండ్, అది నిజంగా నడిచే గ్రామాలన్నింటినీ కవర్ చేస్తుంది. దానికి పేరు పెట్టి, ఇక్కడ మొదటి గ్రామాన్ని జోడించి, తర్వాత మిగిలినవి ఆ ప్రాంతం నుండే జోడించండి.
operating_areas~|~Operating Areas~|~పని ప్రాంతాలు
optional_needed_for_sms~|~Optional, but needed for SMS/OTP~|~ఐచ్ఛికం, కానీ SMS/OTP కోసం అవసరం
or_separator~|~— OR —~|~— లేదా —
original_principal_amount~|~Original Principal Amount~|~అసలు మూల మొత్తం
original_start_date~|~Original Start Date~|~అసలు ప్రారంభ తేదీ
other~|~Other~|~ఇతర
other_business_memberships~|~Other Business Memberships~|~ఇతర వ్యాపార సభ్యత్వాలు
otp_not_sent_tap_resend~|~We could not send your code. Tap Resend Otp to try again.~|~మేము మీ కోడ్‌ను పంపలేకపోయాము. మళ్లీ ప్రయత్నించడానికి "ఓటీపీ మళ్లీ పంపు" నొక్కండి.
otp_terms_acceptance~|~OTP Verification · Terms Acceptance~|~OTP ధృవీకరణ · నిబంధనల అంగీకారం
outstanding~|~Outstanding~|~బాకీ
outstanding_amount~|~Outstanding Amount~|~బాకీ మొత్తం
outstanding_balance~|~Outstanding Balance~|~బాకీ నిల్వ
outstanding_of_principal_note~|~Outstanding {outstanding} of {principal}~|~{principal}లో {outstanding} బాకీ
outstanding_rules~|~Outstanding Rules~|~బాకీ నియమాలు
overall_difference_note~|~Overall Difference: {amount}~|~మొత్తం తేడా: {amount}
overview~|~Overview~|~అవలోకనం
owed_back_to_investors~|~Owed back to investors~|~పెట్టుబడిదారులకు తిరిగి చెల్లించవలసినది
owner~|~Owner~|~యజమాని
owner_agent_removal_warning~|~You will no longer be able to collect for this business yourself. You can add yourself back as an agent at any time.~|~మీరు ఇకపై ఈ వ్యాపారానికి స్వయంగా వసూలు చేయలేరు. మీరు ఎప్పుడైనా మిమ్మల్ని తిరిగి ఏజెంట్‌గా జోడించుకోవచ్చు.
owner_bf~|~Owner BF~|~యజమాని BF
owner_bf_current~|~Owner BF, Current~|~యజమాని BF, ప్రస్తుతం
owner_captured~|~Owner Captured~|~యజమాని తీసుకున్నవి
owner_cash_in_hand~|~Owner Cash In Hand~|~యజమాని వద్ద నగదు
owner_must_resolve_note~|~Owner must resolve — correct a mis-entered Actual figure above, or record a Short/Excess adjustment, then Recalculate.~|~యజమాని పరిష్కరించాలి — పైన తప్పుగా నమోదైన వాస్తవ సంఖ్యను సరిచేయండి, లేదా తక్కువ/అధిక సర్దుబాటును నమోదు చేసి, తిరిగి లెక్కించండి.
owner_not_assigned_bf~|~Owner has not assigned an Opening BF for this session yet. Please contact your Owner.~|~యజమాని ఇంకా ఈ సెషన్ కోసం ప్రారంభ BF కేటాయించలేదు. దయచేసి మీ యజమానిని సంప్రదించండి.
owner_steps_required_note~|~Photo, address and at least one identity document are required first.~|~ముందుగా ఫోటో, చిరునామా మరియు కనీసం ఒక గుర్తింపు పత్రం అవసరం.
owner_verified~|~Owner Verified~|~యజమాని ధృవీకరించారు
paid~|~Paid~|~చెల్లించబడింది
paid_by~|~Paid By~|~చెల్లించినవారు
paid_in~|~Paid in~|~చెల్లించినది
paid_interest_extra~|~ (+ {amount} interest on unpaid gap)~|~ (+ చెల్లించని వ్యవధిపై {amount} వడ్డీ)
paid_note~|~Paid: {amount} on {date}~|~చెల్లించినది: {amount}, {date}న
paid_short_note~|~Paid: {amount}~|~చెల్లించినది: {amount}
paid_the_full_instalment~|~Paid The Full Instalment~|~పూర్తి వాయిదా చెల్లించారు
partial~|~Partial~|~పాక్షికం
password~|~Password~|~పాస్‌వర్డ్
password_field~|~Password *~|~పాస్‌వర్డ్ *
password_helper~|~At least 8 characters, with letters and numbers.~|~కనీసం 8 అక్షరాలు, అక్షరాలు మరియు అంకెలతో.
password_helper_short~|~At least 8 characters.~|~కనీసం 8 అక్షరాలు.
password_pin~|~Password / PIN~|~పాస్‌వర్డ్ / పిన్
password_updated_note~|~Password updated — please log in~|~పాస్‌వర్డ్ నవీకరించబడింది — దయచేసి లాగిన్ చేయండి
pay~|~Pay~|~చెల్లించు
pay_out~|~Pay Out~|~చెల్లించండి
pay_out_confirm_note~|~Pay {amount}? It comes out of unpaid interest first, then principal.~|~{amount} చెల్లించాలా? ఇది ముందుగా చెల్లించని వడ్డీ నుండి, ఆ తర్వాత అసలు నుండి తీసుకోబడుతుంది.
pay_out_withdrawal~|~Pay Out Withdrawal~|~ఉపసంహరణ చెల్లించండి
pay_via_upi~|~Pay Via UPI~|~UPI ద్వారా చెల్లించండి
payer~|~Payer~|~చెల్లింపుదారు
payment~|~Payment~|~చెల్లింపు
payment_amount~|~Payment Amount~|~చెల్లింపు మొత్తం
payment_amount_field~|~Payment Amount *~|~చెల్లింపు మొత్తం *
payment_confirmed~|~Payment Confirmed~|~చెల్లింపు నిర్ధారించబడింది
payment_could_not_be_confirmed~|~Payment Could Not Be Confirmed~|~చెల్లింపు నిర్ధారించలేకపోయింది
payment_history~|~Payment History~|~చెల్లింపు చరిత్ర
payment_submitted~|~Payment Submitted~|~చెల్లింపు సమర్పించబడింది
penalty~|~Penalty~|~జరిమానా
penalty_adds_to_balance_note~|~A penalty is added to what the customer owes.~|~జరిమానా ఖాతాదారు బాకీకి కలుపబడుతుంది.
penalty_amount~|~Penalty Amount~|~జరిమానా మొత్తం
penalty_applied_note~|~Penalty applied — customer notified.~|~జరిమానా విధించబడింది — కస్టమర్‌కు తెలియజేయబడింది.
penalty_collected~|~Penalty Collected~|~జరిమానా వసూలు చేయబడింది
penalty_eligible~|~Penalty Eligible~|~జరిమానాకు అర్హత
penalty_entries~|~Penalty Entries~|~జరిమానా ఎంట్రీలు
penalty_option~|~Penalty Option~|~జరిమానా ఎంపిక
penalty_outstanding_field~|~Penalty Outstanding~|~బాకీ ఉన్న జరిమానా
penalty_recognised_note~|~Loan closed. {amount} penalty recorded as collected today.~|~రుణం మూసివేయబడింది. {amount} జరిమానా నేడు వసూలు చేసినట్లు నమోదు చేయబడింది.
penalty_status~|~Penalty Status~|~జరిమానా స్థితి
pending~|~Pending~|~పెండింగ్
pending_acceptance_status~|~Pending Acceptance~|~పెండింగ్ అంగీకారం
pending_collections~|~Pending Collections~|~పెండింగ్ వసూళ్లు
pending_customer_requests~|~Pending Customer Requests~|~పెండింగ్ కస్టమర్ అభ్యర్థనలు
pending_customers~|~Pending Customers~|~పెండింగ్ కస్టమర్లు
pending_drafts~|~Pending Drafts~|~పెండింగ్ డ్రాఫ్ట్‌లు
pending_extension_requests~|~Pending Extension Requests~|~పెండింగ్ పొడిగింపు అభ్యర్థనలు
pending_instalments_field~|~Pending Instalments * — how many are left~|~పెండింగ్ వాయిదాలు * — ఎన్ని మిగిలాయి
pending_interest_payment_requests~|~Pending Interest Payment Requests~|~పెండింగ్ వడ్డీ చెల్లింపు అభ్యర్థనలు
pending_invitation~|~Pending Invitation~|~పెండింగ్ ఆహ్వానం
pending_invitation_status~|~Pending Invitation~|~పెండింగ్ ఆహ్వానం
pending_invitations_count_note~|~{count} waiting for your answer~|~మీ సమాధానం కోసం {count} వేచి ఉన్నాయి
pending_invitations_header~|~Pending Invitations~|~పెండింగ్ ఆహ్వానాలు
pending_label~|~Pending~|~పెండింగ్
pending_loan_requests~|~Pending Loan Requests~|~పెండింగ్ రుణ అభ్యర్థనలు
pending_messages~|~Pending Messages~|~పెండింగ్ సందేశాలు
pending_online_payments~|~Pending Online Payments~|~పెండింగ్ ఆన్‌లైన్ చెల్లింపులు
pending_requests~|~Pending Requests~|~పెండింగ్‌లో ఉన్న అభ్యర్థనలు
pending_requests_header~|~Pending Requests~|~పెండింగ్ అభ్యర్థనలు
pending_route_changes~|~Pending Route Changes~|~పెండింగ్ మార్గం మార్పులు
pending_salary~|~Pending Salary~|~పెండింగ్ జీతం
pending_settlement~|~Pending Settlement~|~పెండింగ్ సెటిల్‌మెంట్
pending_withdrawal_requests~|~Pending Withdrawal Requests~|~పెండింగ్ ఉపసంహరణ అభ్యర్థనలు
percent_of_total_profit_note~|~{percent}% of total profit for this period~|~ఈ కాలానికి మొత్తం లాభంలో {percent}%
percent_overdue_installment~|~% of Overdue Installment~|~బకాయి వాయిదాలో %
percent_remaining_balance~|~% of Remaining Balance~|~మిగిలిన నిల్వలో %
perm_can_access_collection_mode~|~Can Use Collection Mode~|~వసూలు మోడ్ ఉపయోగించగలరు
perm_can_add_remarks~|~Can Add Remarks~|~వ్యాఖ్యలు జోడించగలరు
perm_can_apply_penalty~|~Can Apply Penalty~|~జరిమానా విధించగలరు
perm_can_cancel_own_drafts~|~Can Cancel Own Drafts~|~సొంత డ్రాఫ్ట్‌లు రద్దు చేయగలరు
perm_can_collect_payments~|~Can Collect Payments~|~చెల్లింపులు వసూలు చేయగలరు
perm_can_create_customer~|~Can Register Customers~|~కస్టమర్లను నమోదు చేయగలరు
perm_can_create_drafts~|~Can Create Drafts~|~డ్రాఫ్ట్‌లు సృష్టించగలరు
perm_can_delete_records~|~Can Delete Records~|~రికార్డులు తొలగించగలరు
perm_can_edit_customer_contact~|~Can Edit Customer Contact~|~కస్టమర్ సంప్రదింపు వివరాలు మార్చగలరు
perm_can_edit_own_drafts~|~Can Edit Own Drafts~|~సొంత డ్రాఫ్ట్‌లు మార్చగలరు
perm_can_export_reports~|~Can Export Reports~|~నివేదికలు ఎగుమతి చేయగలరు
perm_can_issue_loans~|~Can Issue Loans~|~రుణాలు జారీ చేయగలరు
perm_can_migrate_records~|~Can Enter Pre-Existing Records~|~ముందుగా ఉన్న రికార్డులు నమోదు చేయగలరు
perm_can_perform_day_settlement~|~Can Submit Settlement~|~సెటిల్‌మెంట్ సమర్పించగలరు
perm_can_record_cheti~|~Can Record Cheeti Instalments~|~చీటీ వాయిదాలు నమోదు చేయగలరు
perm_can_record_expenses~|~Can Record Expenses~|~ఖర్చులు నమోదు చేయగలరు
perm_can_transfer_collections~|~Can Transfer Cash to Another Agent~|~మరో ఏజెంట్‌కు నగదు బదిలీ చేయగలరు
perm_can_upload_documents~|~Can Upload Documents~|~పత్రాలు అప్‌లోడ్ చేయగలరు
perm_can_view_customers~|~Can View Customers~|~కస్టమర్లను చూడగలరు
perm_can_view_dashboard~|~Can Open Work Session~|~పని సెషన్ తెరవగలరు
perm_can_view_investor_info~|~Can View Investor Info~|~ఇన్వెస్టర్ సమాచారం చూడగలరు
perm_can_view_reports~|~Can View Reports~|~నివేదికలు చూడగలరు
permission_profile~|~Permission Profile~|~అనుమతి ప్రొఫైల్
permissions~|~Permissions~|~అనుమతులు
permissions_note~|~An agent sees only what is switched on here. With everything off their home screen has no actions at all.~|~ఇక్కడ ఆన్ చేసినవి మాత్రమే ఏజెంట్‌కు కనిపిస్తాయి. అన్నీ ఆఫ్‌లో ఉంటే వారి హోమ్ స్క్రీన్‌లో ఎలాంటి చర్యలు ఉండవు.
person_not_in_this_stage~|~This person does not hold that role in this business.~|~ఈ వ్యక్తి ఈ వ్యాపారంలో ఆ పాత్రను కలిగి లేరు.
person_of_total~|~{n} of {total}~|~{total}లో {n}
phone~|~Phone~|~ఫోన్
phone_call_not_answered~|~Phone Call Not Answered~|~ఫోన్ కాల్‌కు స్పందించలేదు
phone_field~|~Phone~|~ఫోన్
phone_number~|~Phone Number~|~ఫోన్ నంబర్
phone_number_plain_field~|~Phone Number~|~ఫోన్ నంబర్
phone_updated_note~|~Phone updated. Previous value kept in history; Owner(s) notified.~|~ఫోన్ నవీకరించబడింది. మునుపటి విలువ చరిత్రలో ఉంచబడింది; యజమానులకు తెలియజేయబడింది.
photo_unavailable~|~Photo could not be loaded.~|~ఫోటో లోడ్ కాలేదు.
physical_cash~|~Physical Cash~|~భౌతిక నగదు
physical_cash_declared~|~Physical Cash Declared~|~ప్రకటించిన భౌతిక నగదు
physical_cash_field~|~Physical Cash (₹)~|~భౌతిక నగదు (₹)
pick~|~Pick~|~ఎంచుకోండి
pin_code~|~PIN Code~|~పిన్ కోడ్
pin_code_field~|~PIN Code~|~పిన్ కోడ్
pin_code_first_helper~|~Enter PIN code first — villages shown are limited to this PIN~|~ముందుగా పిన్ కోడ్ నమోదు చేయండి — చూపిన గ్రామాలు ఈ పిన్ కోడ్‌కు పరిమితం
pin_code_helper~|~Enter PIN code first — villages shown are limited to this PIN~|~ముందుగా పిన్ కోడ్ నమోదు చేయండి — చూపబడే గ్రామాలు ఈ పిన్‌కు పరిమితం
pin_code_plain_field~|~PIN Code~|~పిన్ కోడ్
pin_code_required_field~|~PIN Code *~|~పిన్ కోడ్ *
pin_not_in_directory_note~|~The directory does not carry this PIN code, so mandal and district cannot be suggested.~|~డైరెక్టరీలో ఈ పిన్ కోడ్ లేదు, కాబట్టి మండలం మరియు జిల్లాను సూచించలేము.
planned_prices_note~|~Nothing is being charged yet. These are the planned prices, shown so you can see which one fits your business.~|~ఇంకా ఏమీ వసూలు చేయడం లేదు. ఇవి ప్రణాళికాబద్ధ ధరలు, మీ వ్యాపారానికి ఏది సరిపోతుందో చూడటానికి చూపబడ్డాయి.
plans~|~Plans~|~ప్లాన్‌లు
platform_admin~|~Platform Admin~|~ప్లాట్‌ఫారమ్ అడ్మిన్
posted_to_loan_note~|~{amount} posted to this loan.~|~{amount} ఈ రుణానికి పోస్ట్ చేయబడింది.
pre-existing business~|~Pre-Existing Business~|~ముందుగా ఉన్న వ్యాపారం
pre_existing_agent~|~Pre-Existing Agent~|~ముందుగా ఉన్న ఏజెంట్
pre_existing_business~|~Pre-Existing Business~|~ముందుగా ఉన్న వ్యాపారం
pre_existing_cheti_note~|~Add a cheti that was already running, with the instalments paid so far — and whether it has been availed.~|~ఇప్పటికే నడుస్తున్న చీటీని ఇప్పటివరకు చెల్లించిన వాయిదాలతో జోడించండి — మరియు అది తీసుకోబడిందా అనేది కూడా.
pre_existing_customer~|~Pre-Existing Customer~|~ముందుగా ఉన్న కస్టమర్
pre_existing_investor~|~Pre-Existing Investor~|~ముందుగా ఉన్న పెట్టుబడిదారు
pre_existing_loan~|~Already Running~|~ఇప్పటికే నడుస్తున్నది
pre_existing_loan_note~|~A loan from the old book. Enter the balance as it stands today.~|~పాత పుస్తకంలోని రుణం. నేటి నాటికి ఉన్న బ్యాలెన్స్‌ను నమోదు చేయండి.
pre_existing_loans_entered_note~|~{count} pre-existing loans entered~|~{count} ముందుగా ఉన్న రుణాలు నమోదు చేయబడ్డాయి
pre_existing_member_created_note~|~Pre-existing member created — Profile Incomplete.~|~ముందుగా ఉన్న సభ్యుడు సృష్టించబడ్డారు — ప్రొఫైల్ అసంపూర్ణం.
preferred_repayment_frequency~|~Preferred Repayment Frequency~|~ఇష్టపడే తిరిగి చెల్లింపు తరచుదనం
previous_request_rejected_note~|~Previous request rejected: {reason}~|~మునుపటి అభ్యర్థన తిరస్కరించబడింది: {reason}
principal_amount~|~Principal Amount~|~అసలు మొత్తం
principal_full~|~Principal Full~|~అసలు పూర్తిగా
principal_partial~|~Principal Partial~|~అసలు పాక్షికం
principal_plus_interest~|~Principal + Interest~|~అసలు + వడ్డీ
principal_portion_field~|~Principal Portion *~|~అసలు భాగం *
proceed_to_manual_verification~|~Proceed to Manual Verification~|~మాన్యువల్ ధృవీకరణకు కొనసాగండి
processing_fee~|~Processing Fee~|~ప్రాసెసింగ్ ఫీజు
processing_fee_field~|~Processing Fee~|~ప్రాసెసింగ్ ఫీజు
profile~|~Profile~|~ప్రొఫైల్
profile_photo~|~Profile Photo~|~ప్రొఫైల్ ఫోటో
profit_and_investor_payable~|~Profit & Investor Payable~|~లాభం & పెట్టుబడిదారుకు చెల్లించవలసినది
profit_share~|~Profit Share~|~లాభ వాటా
profit_share_distribution~|~Profit Share Distribution~|~లాభ వాటా పంపిణీ
profit_share_note~|~Profit Share — Declaration and Payment are recorded separately; a row may show Declared with no Paid data yet.~|~లాభ వాటా — ప్రకటన మరియు చెల్లింపు వేర్వేరుగా నమోదు చేయబడతాయి; ఒక వరుసలో చెల్లింపు డేటా లేకుండా ప్రకటన మాత్రమే కనిపించవచ్చు.
profit_share_percent~|~Profit Share %~|~లాభ వాటా %
profit_share_percent_optional~|~Profit Share % (optional, tentative)~|~లాభ వాటా % (ఐచ్ఛికం, తాత్కాలికం)
profit_share_reference_note~|~Reference only — the system never multiplies this against any figure. Distribute the actual amount below (BR-232).~|~సూచన మాత్రమే — సిస్టమ్ దీన్ని ఏ మొత్తంతోనూ గుణించదు. క్రింద అసలు మొత్తాన్ని పంపిణీ చేయండి.
proof_document~|~Proof Document~|~రుజువు పత్రం
proposed_amount_note~|~Proposed: ₹{amount}~|~ప్రతిపాదించినది: ₹{amount}
proposed_investment~|~Proposed Investment~|~ప్రతిపాదిత పెట్టుబడి
proposed_investment_amount_field~|~Proposed Investment Amount~|~ప్రతిపాదిత పెట్టుబడి మొత్తం
proposed_investment_helper~|~Indicative only — not a transfer. No funds move in-app.~|~సూచన మాత్రమే — బదిలీ కాదు. యాప్‌లో నిధులు కదలవు.
provisional_until_approved_note~|~Provisional until each pending account is Approved.~|~ప్రతి పెండింగ్ ఖాతా ఆమోదించబడే వరకు తాత్కాలికం.
purpose~|~Purpose~|~ప్రయోజనం
purpose_optional_field~|~Purpose (optional)~|~ప్రయోజనం (ఐచ్ఛికం)
quick_actions~|~Quick Actions~|~త్వరిత చర్యలు
range~|~Range~|~పరిధి
reactivate~|~Reactivate~|~తిరిగి యాక్టివేట్ చేయండి
read_only_day_closed_note~|~Read-only — this day is closed. Corrections still go through each entry type's own screen as a new offsetting entry.~|~చదవడానికి మాత్రమే — ఈ రోజు మూసివేయబడింది. సరిదిద్దుబాట్లు ఇప్పటికీ ప్రతి ఎంట్రీ రకం యొక్క స్వంత స్క్రీన్ ద్వారా కొత్త సర్దుబాటు ఎంట్రీగా జరుగుతాయి.
read_only_figures_note~|~Outstanding, Today's Due, and loan figures are read-only here — collection and loan-issue writes only happen via Collection Mode / Loan Distribution.~|~బాకీ, నేటి బకాయి, మరియు రుణ సంఖ్యలు ఇక్కడ చదవడానికి మాత్రమే — వసూలు మరియు రుణ జారీ రాతలు వసూలు మోడ్ / రుణ పంపిణీ ద్వారా మాత్రమే జరుగుతాయి.
read_only_set_by_owner~|~Read-only, set by Owner.~|~చదవడానికి మాత్రమే, యజమాని నిర్ణయించారు.
read_terms~|~Read~|~చదవండి
reason_field~|~Reason~|~కారణం
reason_note~|~Reason: {reason}~|~కారణం: {reason}
reason_required~|~Reason *~|~కారణం *
reason_required_field~|~Reason (required)~|~కారణం (తప్పనిసరి)
reason_required_hint~|~Explain what the Agent needs to correct~|~ఏజెంట్ ఏమి సరిచేయాలో వివరించండి
recalculate~|~Recalculate~|~తిరిగి లెక్కించండి
receipt~|~Receipt~|~రసీదు
receipt_note~|~Receipt: {number}~|~రసీదు: {number}
receipt_number~|~Receipt #{number}~|~రసీదు #{number}
recent_deletes~|~Recent Deletes~|~ఇటీవలి తొలగింపులు
record_availing~|~Record Availing~|~పొందడం నమోదు చేయండి
record_availing_for_note~|~Record availing — {name}~|~పొందడం నమోదు — {name}
record_investment~|~Record Investment~|~పెట్టుబడి నమోదు చేయండి
record_payment~|~Record Payment~|~చెల్లింపు నమోదు చేయండి
record_payment_for_note~|~Record payment — {name}~|~చెల్లింపు నమోదు — {name}
record_short_excess~|~Record Short / Excess~|~తక్కువ / అధికం నమోదు చేయండి
recorded_instalment_note~|~{count} recorded instalment~|~{count} నమోదైన వాయిదా
recorded_instalments_note~|~{count} recorded instalments~|~{count} నమోదైన వాయిదాలు
recorded_on_note~|~Recorded on {date}.~|~{date}న నమోదు చేయబడింది.
reduce_to_amount~|~Reduce to Amount~|~మొత్తానికి తగ్గించండి
reference~|~Reference~|~సూచన
refund~|~Refund~|~రీఫండ్
refused_payment~|~Refused Payment~|~చెల్లింపు నిరాకరించారు
register~|~Register~|~నమోదు చేయండి
register_agent~|~Register Agent~|~ఏజెంట్ నమోదు చేయండి
register_and_send_invitation~|~Register & Send Invitation~|~నమోదు చేసి ఆహ్వానం పంపండి
register_button~|~Register~|~నమోదు చేయండి
register_customer~|~Register Customer~|~కస్టమర్‌ను నమోదు చేయండి
register_new_agent~|~Register New Agent~|~కొత్త ఏజెంట్ నమోదు చేయండి
register_new_agent_note~|~For an agent who does not yet have a MANA LINE ID. Reuses the same Identity Registration fields as account registration.~|~ఇంకా మానా లైన్ ఐడి లేని ఏజెంట్ కోసం. ఖాతా నమోదు వలె అదే గుర్తింపు నమోదు ఫీల్డ్‌లను తిరిగి ఉపయోగిస్తుంది.
registered_finance_name_field~|~Registered Finance Name *~|~నమోదిత ఫైనాన్స్ పేరు *
reject~|~Reject~|~తిరస్కరించండి
reject_investor_request~|~Reject Investor Request~|~పెట్టుబడిదారు అభ్యర్థనను తిరస్కరించండి
reject_loan_request~|~Reject Loan Request~|~రుణ అభ్యర్థనను తిరస్కరించండి
reject_withdrawal_request~|~Reject Withdrawal Request~|~ఉపసంహరణ అభ్యర్థనను తిరస్కరించండి
relationship~|~Relationship~|~సంబంధం
relationship_field~|~Relationship~|~సంబంధం
remaining_balance~|~Remaining Balance~|~మిగిలిన బ్యాలెన్స్
remaining_balance_hint~|~still owed today = pending x EMI + penalty~|~ఈ రోజు ఇంకా బాకీ = పెండింగ్ x EMI + జరిమానా
remaining_balance_label~|~Remaining Balance~|~మిగిలిన నిల్వ
remaining_installments~|~Remaining Installments~|~మిగిలిన వాయిదాలు
remaining_percent~|~Remaining {percent}%~|~మిగిలిన {percent}%
remarks~|~Remarks~|~వ్యాఖ్యలు
remarks_colon_note~|~Remarks: {remarks}~|~వ్యాఖ్యలు: {remarks}
remarks_field~|~Remarks~|~వ్యాఖ్యలు
remarks_optional~|~Remarks (Optional)~|~వ్యాఖ్యలు (ఐచ్ఛికం)
remarks_optional_field~|~Remarks (optional)~|~వ్యాఖ్యలు (ఐచ్ఛికం)
remarks_optional_freeform_note~|~Remarks (optional, freeform — BR-097)~|~వ్యాఖ్యలు (ఐచ్ఛికం, స్వేచ్ఛా వచనం)
remarks_saved_note~|~Remarks saved.~|~వ్యాఖ్యలు సేవ్ చేయబడ్డాయి.
remarks_tab~|~Remarks~|~వ్యాఖ్యలు
remove~|~Remove~|~తీసివేయండి
remove_area~|~Remove Area~|~ప్రాంతం తీసివేయండి
remove_area_tooltip~|~Remove Area~|~ప్రాంతం తీసివేయండి
remove_customer_note~|~{name} will no longer appear in this business. Their past loans, collections and receipts are kept.~|~{name} ఇకపై ఈ వ్యాపారంలో కనిపించరు. వారి గత రుణాలు, వసూళ్లు మరియు రసీదులు అలాగే ఉంచబడతాయి.
remove_customer_question~|~Remove This Customer?~|~ఈ ఖాతాదారుని తొలగించాలా?
remove_operating_area_note~|~{area} ({villages}) will be set Inactive. Its account periods and history are kept, and any assigned agent loses access to it.~|~{area} ({villages}) నిష్క్రియంగా చేయబడుతుంది. దాని ఖాతా వ్యవధులు మరియు చరిత్ర ఉంచబడతాయి, మరియు కేటాయించిన ఏజెంట్ దానికి యాక్సెస్ కోల్పోతారు.
remove_operating_area_question~|~Remove Operating Area?~|~పని ప్రాంతాన్ని తీసివేయాలా?
remove_village_note~|~{village} will no longer be part of {area}. Customers already registered there are not affected.~|~{village} ఇక {area}లో భాగం కాదు. అక్కడ ఇప్పటికే నమోదైన కస్టమర్లపై ప్రభావం ఉండదు.
remove_village_question~|~Remove Village?~|~గ్రామాన్ని తీసివేయాలా?
removed~|~Removed~|~తీసివేయబడింది
rename~|~Rename~|~పేరు మార్చండి
rename_area~|~Rename Area~|~ప్రాంతం పేరు మార్చండి
rename_group~|~Rename Group~|~గ్రూప్ పేరు మార్చండి
reopen~|~Reopen~|~తిరిగి తెరవండి
reopen_closed_day~|~Reopen Closed Day~|~మూసివేసిన దినాన్ని తిరిగి తెరవండి
reopen_migration~|~Reopen Migration~|~మైగ్రేషన్ తిరిగి తెరవండి
reopen_migration_note~|~This business has already been started. Reopening lets you enter pre-existing records again. The reason is recorded in the audit log.~|~ఈ వ్యాపారం ఇప్పటికే ప్రారంభమైంది. తిరిగి తెరవడం వల్ల ముందుగా ఉన్న రికార్డులను మళ్లీ నమోదు చేయవచ్చు. కారణం ఆడిట్ లాగ్‌లో నమోదు చేయబడుతుంది.
reopen_note~|~Reason is mandatory and this action always writes an audit entry. Reopening unlocks new adjustment entries only — existing entries for this date cannot be edited.~|~కారణం తప్పనిసరి మరియు ఈ చర్య ఎల్లప్పుడూ ఆడిట్ ఎంట్రీని నమోదు చేస్తుంది. తిరిగి తెరవడం కొత్త సర్దుబాటు ఎంట్రీలను మాత్రమే అనుమతిస్తుంది — ఈ తేదీకి ఉన్న ఎంట్రీలను మార్చలేరు.
reopen_reason_agent~|~An agent was missed or assigned to the wrong area~|~ఏజెంట్ మిస్ అయ్యారు లేదా తప్పు ప్రాంతానికి కేటాయించబడ్డారు
reopen_reason_duplicate~|~A duplicate entry needs correcting~|~నకిలీ నమోదును సరిచేయాలి
reopen_reason_investor_principal~|~An investor's opening principal was wrong or missing~|~పెట్టుబడిదారు ప్రారంభ అసలు మొత్తం తప్పు లేదా లేదు
reopen_reason_label~|~Reason for reopening~|~తిరిగి తెరవడానికి కారణం
reopen_reason_missed_entry~|~A customer or loan from the old book was missed~|~పాత పుస్తకంలోని కస్టమర్ లేదా రుణం మిస్ అయ్యింది
reopen_reason_other~|~Other~|~ఇతర
reopen_reason_started_early~|~Business was started before entry was finished~|~నమోదు పూర్తి కాకముందే వ్యాపారం ప్రారంభించబడింది
reopen_reason_wrong_amount~|~A loan amount or repayment figure was entered wrong~|~రుణ మొత్తం లేదా తిరిగి చెల్లింపు సంఖ్య తప్పుగా నమోదైంది
reopened_awaiting_note~|~Only new adjustment entries dated to this business day are permitted. Existing Collections, Loans, and Expenses for this date cannot be edited. Once adjustments are entered, run Close Again to re-close.~|~ఈ వ్యాపార దినానికి కొత్త సర్దుబాటు ఎంట్రీలు మాత్రమే అనుమతించబడతాయి. ఈ తేదీకి ఉన్న వసూళ్లు, రుణాలు, ఖర్చులను మార్చలేరు. సర్దుబాట్లు నమోదు చేసిన తర్వాత, మళ్లీ మూసివేయడానికి "మళ్లీ మూసివేయండి" నొక్కండి.
reopened_reason_note~|~Reopened {at} — Reason: {reason}~|~{at} తిరిగి తెరవబడింది — కారణం: {reason}
repayment_amount~|~Repayment Amount~|~తిరిగి చెల్లింపు మొత్తం
repayment_amount_field~|~Repayment Amount *~|~తిరిగి చెల్లించాల్సిన మొత్తం *
repayment_amount_required_field~|~Repayment Amount *~|~తిరిగి చెల్లింపు మొత్తం *
repayment_frequency_field~|~Repayment Frequency~|~తిరిగి చెల్లింపు తరచుదనం
repayment_schedule~|~Repayment Schedule~|~తిరిగి చెల్లింపు షెడ్యూల్
repayment_type~|~Repayment Type~|~తిరిగి చెల్లింపు రకం
repayment_type_field~|~Repayment Type~|~తిరిగి చెల్లింపు రకం
repayment_type_field_plain~|~Repayment Type~|~తిరిగి చెల్లింపు రకం
report_hub~|~Report Hub~|~నివేదిక కేంద్రం
reports~|~Reports~|~నివేదికలు
request_a_new_loan~|~Request a New Loan~|~కొత్త రుణం అభ్యర్థించండి
request_business_membership~|~Request Business Membership~|~వ్యాపార సభ్యత్వం అభ్యర్థించండి
request_custom_amount~|~Request Custom Amount~|~కస్టమ్ మొత్తం అభ్యర్థించండి
request_custom_amount_note~|~Not tied to a template — enter your own amount and frequency.~|~టెంప్లేట్‌తో ముడిపడలేదు — మీ స్వంత మొత్తం మరియు తరచుదనం నమోదు చేయండి.
request_extension~|~Request Extension~|~పొడిగింపు అభ్యర్థించండి
request_join_business~|~Request to Join a Business~|~వ్యాపారంలో చేరడానికి అభ్యర్థించండి
request_new_loan~|~Request New Loan~|~కొత్త రుణం అభ్యర్థించండి
request_queue_investors~|~Request Queue (Investors)~|~అభ్యర్థన క్యూ (పెట్టుబడిదారులు)
request_sent_as~|~Request sent as {role} — waiting for them to accept.~|~అభ్యర్థన {role}గా పంపబడింది — వారు అంగీకరించడానికి వేచి ఉంది.
request_sent_as_roles_note~|~Request sent as {roles}.~|~{roles}గా అభ్యర్థన పంపబడింది.
request_sent_note~|~Request sent to {mlid} as {type}.~|~{mlid}కు {type}గా అభ్యర్థన పంపబడింది.
request_sent_to_note~|~Request sent to {name}.~|~{name}కు అభ్యర్థన పంపబడింది.
request_to_invest_note~|~Request To Invest — {name}~|~పెట్టుబడి పెట్టడానికి అభ్యర్థన — {name}
request_to_join_a_business~|~Request to Join a Business~|~వ్యాపారంలో చేరడానికి అభ్యర్థన
request_to_join_note~|~Request To Join — {name}~|~చేరడానికి అభ్యర్థన — {name}
request_withdrawal~|~Request Withdrawal~|~ఉపసంహరణ అభ్యర్థించండి
request_withdrawal_title~|~Request Withdrawal~|~ఉపసంహరణ అభ్యర్థించండి
requested_amount~|~Requested Amount~|~అభ్యర్థించిన మొత్తం
requested_amount_field~|~Requested Amount *~|~అభ్యర్థించిన మొత్తం *
requested_amount_type_note~|~Requested: {amount} ({type})~|~అభ్యర్థించినది: {amount} ({type})
requested_extension~|~Requested Extension~|~గడువు పొడిగింపు కోరారు
requested_later_visit~|~Requested Later Visit~|~తర్వాత సందర్శన కోరారు
requested_on_note~|~Requested {date}~|~{date}న అభ్యర్థించారు
required_label~|~Required~|~తప్పనిసరి
requires_member_own_otp~|~Requires the member's own verified OTP~|~సభ్యుడి స్వంత ధృవీకరించిన OTP అవసరం
resend_otp~|~Resend OTP~|~OTP మళ్లీ పంపండి
reset_password~|~Reset Password~|~పాస్‌వర్డ్ రీసెట్ చేయండి
resolve~|~Resolve~|~పరిష్కరించండి
restore~|~Restore~|~పునరుద్ధరించండి
resubmission_not_available~|~Resubmission Not Available Yet~|~మళ్లీ సమర్పణ ఇంకా అందుబాటులో లేదు
retake_photo~|~Retake Photo~|~మళ్ళీ ఫోటో తీయండి
retry~|~Retry~|~మళ్ళీ ప్రయత్నించండి
return_account~|~Return Account~|~ఖాతాను తిరిగి పంపండి
return_label~|~Return~|~తిరిగి పంపండి
returned_correction_required~|~Returned — Correction Required~|~తిరిగి పంపబడింది — సవరణ అవసరం
returning_already_counted_note~|~Already counted above until the Owner approves each account.~|~ప్రతి ఖాతాను యజమాని ఆమోదించే వరకు ఇది పైన లెక్కించబడి ఉంటుంది.
returning_this_session~|~Returning This Session~|~ఈ సెషన్‌లో తిరిగి వస్తున్నది
reversed_off_balance_note~|~₹{amount} reversed off the outstanding balance.~|~బాకీ నిల్వ నుండి ₹{amount} తిరిగి తీసివేయబడింది.
review~|~Review~|~సమీక్షించండి
review_summary~|~Review Summary~|~సారాంశాన్ని సమీక్షించండి
roi~|~ROI~|~ROI
roi_per_100_helper~|~e.g. 1.5 means ₹1.50 per ₹100 each month~|~ఉదా. 1.5 అంటే ప్రతి నెలా ప్రతి ₹100కి ₹1.50
roi_per_100_label~|~ROI — ₹ per 100 per month~|~ROI — నెలకు ప్రతి ₹100కి ₹
roi_rate~|~ROI Rate~|~ROI రేటు
roi_yearly_equivalent~|~ROI, Yearly Equivalent~|~ROI, వార్షిక సమానం
role_must_accept_note~|~They must accept before this starts~|~ఇది ప్రారంభం కావడానికి ముందు వారు అంగీకరించాలి
route_area_assignment~|~Route / Area Assignment~|~మార్గం / ప్రాంత కేటాయింపు
route_complete_return_to_dashboard~|~Route Complete — Return to Dashboard~|~మార్గం పూర్తయింది — డాష్‌బోర్డ్‌కు తిరిగి వెళ్లండి
row_duplicate_note~|~Row {row}: {reason}~|~వరుస {row}: {reason}
row_error_note~|~Row {row}: {message}~|~వరుస {row}: {message}
rows_ready_to_import~|~{count} rows ready to import~|~{count} వరుసలు దిగుమతికి సిద్ధం
running_amount~|~Running~|~నడుస్తున్నది
salary_cycle~|~Salary Cycle~|~జీతం చక్రం
salary_cycle_field~|~Salary Cycle~|~జీతం చక్రం
salary_history~|~Salary History~|~జీతం చరిత్ర
save~|~Save~|~సేవ్ చేయండి
save and add another~|~Save and Add Another~|~సేవ్ చేసి మరొకటి జోడించండి
save_and_enter_another~|~Enter Another~|~మరొకటి నమోదు చేయండి
save_and_select~|~Save & Select~|~సేవ్ చేసి ఎంచుకోండి
save_availing~|~Save Availing~|~పొందడం సేవ్ చేయండి
save_business~|~Save Business~|~వ్యాపారం సేవ్ చేయండి
save_cheti~|~Save Cheeti~|~చీటీ సేవ్ చేయండి
save_creates_new_history_entry~|~Save — Creates New History Entry~|~సేవ్ చేయండి — కొత్త చరిత్ర ఎంట్రీని సృష్టిస్తుంది
save_existing_loan~|~Save Existing Loan~|~ఇప్పటికే ఉన్న రుణం సేవ్ చేయండి
save_payment~|~Save Payment~|~చెల్లింపు సేవ్ చేయండి
save_permissions~|~Save Permissions~|~అనుమతులు సేవ్ చేయండి
save_short~|~Save Short~|~లోటును సేవ్ చేయండి
save_this_id_note~|~Save this ID. You'll use it to log in and it's yours for life.~|~ఈ ఐడిని సేవ్ చేయండి. లాగిన్ కావడానికి దీన్ని ఉపయోగిస్తారు మరియు ఇది జీవితాంతం మీదే.
save_this_loan~|~Save This Loan~|~ఈ రుణాన్ని సేవ్ చేయండి
save_visit~|~Save Visit~|~సందర్శన సేవ్ చేయండి
saved_as_draft_note~|~Saved as a draft. Nothing you entered is lost — it is waiting in Draft Transactions.~|~డ్రాఫ్ట్‌గా భద్రపరచబడింది. మీరు నమోదు చేసినది ఏదీ పోలేదు — అది డ్రాఫ్ట్ లావాదేవీలలో ఉంది.
search~|~Search~|~శోధించండి
search_again~|~Search Again~|~మళ్ళీ శోధించండి
search_again_for_other_roles_note~|~Search for them again to add the other roles.~|~ఇతర పాత్రలను జోడించడానికి వారిని మళ్లీ వెతకండి.
search_business_customer_note~|~Search for a Business to request Customer membership.~|~కస్టమర్ సభ్యత్వం అభ్యర్థించడానికి వ్యాపారాన్ని శోధించండి.
search_business_investor_note~|~Search for a Business to request Investor membership.~|~పెట్టుబడిదారు సభ్యత్వం అభ్యర్థించడానికి వ్యాపారాన్ని శోధించండి.
search_by_business_name_mlbi~|~Search by Business Name or MLBI~|~వ్యాపార పేరు లేదా MLBI ద్వారా శోధించండి
search_by_mlid_aadhaar~|~Search by MLID or Aadhaar Number~|~MLID లేదా ఆధార్ నంబర్ ద్వారా శోధించండి
search_by_name_mlid_phone~|~Search by name, MLID, or phone~|~పేరు, MLID, లేదా ఫోన్ ద్వారా శోధించండి
search_by_name_or_mlid~|~Search by name or MLID~|~పేరు లేదా MLID ద్వారా శోధించండి
search_by_phone_aadhaar_mlid_name~|~Search by Phone, Aadhaar, MANA LINE ID, or Full Name.~|~ఫోన్, ఆధార్, మానా లైన్ ఐడి, లేదా పూర్తి పేరు ద్వారా శోధించండి.
search_by_phone_mlid_aadhaar_name~|~Search by Phone, MANA LINE ID, Aadhaar, or Name.~|~ఫోన్, MANA LINE ID, ఆధార్ లేదా పేరు ద్వారా శోధించండి.
search_customer_note~|~Search by Phone, MANA LINE ID, Aadhaar, Customer Name, or Village.~|~ఫోన్, మానా లైన్ ఐడి, ఆధార్, కస్టమర్ పేరు, లేదా గ్రామం ద్వారా శోధించండి.
search_existing_loans_field~|~Search Existing Loans~|~ఇప్పటికే ఉన్న రుణాలను శోధించండి
search_existing_mlid~|~Search Existing MLID~|~ఇప్పటికే ఉన్న MLID శోధించండి
search_loans_to_add_note~|~Search for individual loans to add as group members.~|~గ్రూప్ సభ్యులుగా జోడించడానికి వ్యక్తిగత రుణాలను శోధించండి.
search_or_register_agent_note~|~Search for someone by MLID or name, or register a new agent.~|~MLID లేదా పేరుతో వెతకండి, లేదా కొత్త ఏజెంట్‌ను నమోదు చేయండి.
search_this_round~|~Search This List~|~ఈ జాబితాలో వెతకండి
search_transactions~|~Search Transactions~|~లావాదేవీలను వెతకండి
search_village_town~|~Search Village/Town~|~గ్రామం/పట్టణం వెతకండి
search_village_town_field~|~Search Village/Town *~|~గ్రామం/పట్టణం శోధించండి *
search_village_town_plain_field~|~Search Village/Town~|~గ్రామం/పట్టణం శోధించండి
see_all~|~See All~|~అన్నీ చూడండి
select~|~Select~|~ఎంచుకోండి
select_a_loan_template~|~Select a Loan Template~|~రుణ టెంప్లేట్‌ను ఎంచుకోండి
select_all~|~Select All~|~అన్నీ ఎంచుకోండి
select_at_least_one_area~|~Select at least one enabled area to start.~|~ప్రారంభించడానికి కనీసం ఒక ప్రాంతాన్ని ఎంచుకోండి.
select_business~|~Select Business~|~వ్యాపారాన్ని ఎంచుకోండి
select_collection_agent_field~|~Select Collection Agent *~|~వసూలు ఏజెంట్‌ను ఎంచుకోండి *
select_customer~|~Select Customer~|~కస్టమర్‌ను ఎంచుకోండి
select_customer_note~|~Search by Phone, MANA LINE ID, Aadhaar, Customer Name, or Village. Only existing customers may receive a remotely-issued loan — a brand-new customer must first be created via Customer Management.~|~ఫోన్, మానా లైన్ ఐడి, ఆధార్, కస్టమర్ పేరు, లేదా గ్రామం ద్వారా శోధించండి. ఇప్పటికే ఉన్న కస్టమర్లు మాత్రమే రిమోట్‌గా జారీ చేసిన రుణం పొందగలరు — కొత్త కస్టమర్‌ను ముందుగా కస్టమర్ నిర్వహణ ద్వారా సృష్టించాలి.
select_member_type~|~Select Member Type~|~సభ్య రకాన్ని ఎంచుకోండి
select_operating_areas~|~Select Operating Area(s)~|~పని ప్రాంతం(లు) ఎంచుకోండి
select_role~|~Select Role~|~పాత్రను ఎంచుకోండి
select_village~|~Select Village~|~గ్రామం ఎంచుకోండి
selected_investment~|~Selected Investment~|~ఎంచుకున్న పెట్టుబడి
selected_loan~|~Selected Loan~|~ఎంచుకున్న రుణం
selected_note~|~Selected: {label}~|~ఎంచుకున్నది: {label}
send~|~Send~|~పంపండి
send_bf_cash~|~Send BF Cash~|~BF నగదు పంపండి
send_offer~|~Send Offer~|~ఆఫర్ పంపండి
send_otp~|~Send OTP~|~OTP పంపండి
september~|~September~|~సెప్టెంబర్
session_timed_out~|~Session Timed Out~|~సెషన్ గడువు ముగిసింది
set_by_member~|~Set by the member~|~సభ్యుడు సెట్ చేసారు
set_up_new_business~|~Set Up New Business~|~కొత్త వ్యాపారాన్ని ఏర్పాటు చేయండి
settings~|~Settings~|~సెట్టింగ్‌లు
settlement~|~Settlement~|~సెటిల్‌మెంట్
settlement_details~|~Settlement Details~|~సెటిల్‌మెంట్ వివరాలు
settlement_excess~|~Settlement Excess~|~సెటిల్‌మెంట్ అధికం
settlement_short~|~Settlement Short~|~సెటిల్‌మెంట్ తక్కువ
settlement_submitted_note~|~Settlement submitted for Owner review.~|~యజమాని సమీక్ష కోసం సెటిల్‌మెంట్ సమర్పించబడింది.
settlement_summary~|~Settlement Summary~|~సెటిల్‌మెంట్ సారాంశం
share_file~|~Share File~|~ఫైల్ షేర్ చేయండి
shifted_village~|~Shifted Village~|~గ్రామం మారింది
short~|~Short~|~తక్కువ
short_marked_recovered~|~Marked as recovered.~|~తిరిగి వచ్చినట్లు గుర్తించబడింది.
short_outstanding_since~|~Outstanding since {date}~|~{date} నుండి బాకీ ఉంది
short_recorded~|~Short recorded: {amount}~|~లోటు నమోదైంది: {amount}
short_recovered_on~|~Recovered on {date}~|~{date}న తిరిగి వచ్చింది
shorts_deducted~|~Shorts Deducted~|~తీసివేసిన లోటులు
show~|~Show~|~చూపించు
simple~|~Simple~|~సాధారణ
skip_for_now~|~Skip for Now~|~ప్రస్తుతానికి దాటవేయండి
skipped~|~Skipped~|~దాటవేయబడింది
skipped_customers~|~Skipped Customers~|~దాటవేసిన కస్టమర్లు
someone_else_paid~|~Someone Else Paid~|~వేరొకరు చెల్లించారు
sort_by~|~Sort by~|~క్రమబద్ధీకరించు
sort_by_name~|~Name (A–Z)~|~పేరు (A–Z)
sort_by_village~|~Village (A–Z)~|~గ్రామం (A–Z)
sort_order~|~Order~|~క్రమం
sorted_by~|~Sorted By~|~క్రమం
sorted_by_note~|~Sorted by: penalty → grace period → today's due → village → name~|~క్రమం: జరిమానా → గ్రేస్ పీరియడ్ → నేటి బకాయి → గ్రామం → పేరు
sorted_by_note_customers~|~Sorted by: village → highest outstanding → today's due → name~|~క్రమం: గ్రామం → అత్యధిక బాకీ → నేటి బకాయి → పేరు
sorted_by_note_short~|~Sorted by: penalty → grace period → today's due → village~|~క్రమం: జరిమానా → గ్రేస్ పీరియడ్ → నేటి బకాయి → గ్రామం
split_sum_note~|~Split sum: {amount} (must equal collected amount)~|~విభజన మొత్తం: {amount} (వసూలైన మొత్తానికి సమానంగా ఉండాలి)
spreadsheet~|~Spreadsheet~|~స్ప్రెడ్‌షీట్
start_business_session~|~Start Business Session~|~వ్యాపార సెషన్ ప్రారంభించండి
start_date~|~Start Date~|~ప్రారంభ తేదీ
start_new_case~|~Start New Case~|~కొత్త కేసు ప్రారంభించండి
start_new_loan~|~Start New Loan~|~కొత్త రుణం ప్రారంభించండి
start_pre_existing_migration~|~Start Pre-Existing Member Migration~|~ముందుగా ఉన్న సభ్యుల మైగ్రేషన్ ప్రారంభించండి
state_field~|~State *~|~రాష్ట్రం *
statement~|~Statement~|~స్టేట్‌మెంట్
statement_excel_note~|~The statement downloads as an Excel file you can share.~|~స్టేట్‌మెంట్ మీరు షేర్ చేయగల ఎక్సెల్ ఫైల్‌గా డౌన్‌లోడ్ అవుతుంది.
statement_has_no_transactions~|~No transactions in this period.~|~ఈ కాలంలో లావాదేవీలు లేవు.
statement_period~|~Statement Period~|~స్టేట్‌మెంట్ కాలం
statement_truncated_note~|~Statement capped at {count} rows. Narrow the period for a complete file.~|~స్టేట్‌మెంట్ {count} వరుసలకు పరిమితం. పూర్తి ఫైల్ కోసం కాలాన్ని తగ్గించండి.
status~|~Status~|~స్థితి
step_1~|~Step 1~|~దశ 1
step_1_case_intake~|~Step 1 — Case Intake~|~దశ 1 — కేసు స్వీకరణ
step_1_select_role~|~1. Select Role~|~1. పాత్రను ఎంచుకోండి
step_2~|~Step 2~|~దశ 2
step_2_find_the_business~|~2. Find the Business~|~2. వ్యాపారాన్ని కనుగొనండి
step_3~|~Step 3~|~దశ 3
step_3_confirm_business~|~3. Confirm Business Details~|~3. వ్యాపార వివరాలను నిర్ధారించండి
step_3_suspend_original~|~Step 3 — Suspend Original Account~|~దశ 3 — అసలు ఖాతాను సస్పెండ్ చేయండి
step_4_reverification~|~Step 4 — Original Holder Re-Verification~|~దశ 4 — అసలు ఖాతాదారు తిరిగి ధృవీకరణ
step_4_send_request~|~4. Send Request~|~4. అభ్యర్థన పంపండి
step_of_note~|~Step {current} of {total}~|~{total}లో {current}వ దశ
step_x_of_y~|~Step {current} of {total}~|~{total}లో దశ {current}
still_needed_to_register~|~Still Needed to Register~|~నమోదుకు ఇంకా అవసరం
still_owed~|~Still owed~|~ఇంకా బాకీ
struck_amount~|~On Hold~|~నిలిపివేయబడినది
struck_customers_note~|~{count} customers~|~{count} కస్టమర్లు
struck_is_estimated_note~|~Estimated from loan dates — nothing has been collected against these in the app yet.~|~రుణ తేదీల ఆధారంగా అంచనా — వీటిపై యాప్‌లో ఇంకా ఏమీ వసూలు కాలేదు.
submission_time_field~|~Submission Time (HH:MM)~|~సమర్పణ సమయం (HH:MM)
submit~|~Submit~|~సమర్పించండి
submit_label~|~Submit~|~సమర్పించండి
submit_request~|~Submit Request~|~అభ్యర్థన సమర్పించండి
submit_settlement~|~Submit Settlement~|~సెటిల్‌మెంట్ సమర్పించండి
submitted_status_note~|~Status: Submitted By Customer — Pending Owner/Agent Confirmation. You will be notified once it is confirmed.~|~స్థితి: కస్టమర్ సమర్పించారు — యజమాని/ఏజెంట్ నిర్ధారణ పెండింగ్‌లో ఉంది. నిర్ధారించిన తర్వాత మీకు తెలియజేయబడుతుంది.
subscription~|~Subscription~|~సబ్‌స్క్రిప్షన్
summary~|~Summary~|~సారాంశం
summary_tab~|~Summary~|~సారాంశం
support_admin_internal_tool~|~Support / Admin Internal Tool~|~సపోర్ట్ / అడ్మిన్ అంతర్గత సాధనం
support_email_note~|~Support: support@manaline.app~|~మద్దతు: support@manaline.app
supporting_remarks_field~|~Supporting Remarks~|~సహాయక వ్యాఖ్యలు
supporting_remarks_hint~|~Optional — note anything the Owner should know~|~ఐచ్ఛికం — యజమాని తెలుసుకోవలసినది ఏదైనా రాయండి
surname_field~|~Surname (House Name) *~|~ఇంటి పేరు *
surname_helper~|~The house name that comes first on your Aadhaar.~|~మీ ఆధార్‌లో మొదట ఉండే ఇంటి పేరు.
suspend~|~Suspend~|~సస్పెండ్ చేయండి
suspend_customer~|~Suspend Customer~|~కస్టమర్‌ను సస్పెండ్ చేయండి
suspended~|~Suspended~|~సస్పెండ్ చేయబడింది
switch_business~|~Switch Business~|~వ్యాపారం మార్చండి
switch_camera~|~Switch Camera~|~కెమెరా మార్చండి
switch_role~|~Switch Role~|~పాత్ర మార్చండి
switch_workspace~|~Switch Workspace~|~వర్క్‌స్పేస్ మార్చండి
system_expected_computed~|~System Expected (Computed)~|~సిస్టమ్ ఆశించినది (లెక్కించబడింది)
take_photo~|~Take a Photo~|~ఫోటో తీయండి
tap_to_open~|~Tap To Open~|~తెరవడానికి నొక్కండి
tap_to_open_their_record~|~Tap To Open Their Record And Fix It~|~వారి రికార్డు తెరిచి సరిచేయడానికి నొక్కండి
target_customer_id~|~Target Customer ID~|~లక్ష్య కస్టమర్ ఐడి
temp_id_issued_note~|~Temporary ID issued. Add your Aadhaar later from your profile to get your permanent ID.~|~తాత్కాలిక ఐడి జారీ చేయబడింది. శాశ్వత ఐడి పొందడానికి తర్వాత మీ ప్రొఫైల్ నుండి ఆధార్ జోడించండి.
temporarily_disabled~|~Temporarily Disabled~|~తాత్కాలికంగా నిలిపివేయబడింది
tenancy_isolation_note~|~Each Owner sees only their own tenancy's data for you — nothing here is shared or blended across businesses.~|~ప్రతి యజమాని మీ గురించి వారి స్వంత టెనెన్సీ డేటాను మాత్రమే చూస్తారు — ఇక్కడ ఏదీ వ్యాపారాల మధ్య పంచుకోబడదు లేదా కలపబడదు.
terms_and_conditions~|~Terms & Conditions~|~నిబంధనలు & షరతులు
terms_body~|~MANA LINE records loans, collections and cash movements for the business you belong to. Your name, mobile number, address, photograph and identity details are stored so the business can identify you and meet its record-keeping duties. Money figures you see are recorded by your business, not by MANA LINE, and disputes about an amount are settled with that business.\n\nYour data is visible to the owner and to agents of the business you are a member of, and to nobody else. You can ask for your account to be switched off or deleted from Settings.\n\nFull Terms & Conditions and Privacy Policy are being finalised and will be published in the app before general release. Contact your business owner for anything not covered here.~|~మీరు చెందిన వ్యాపారం కోసం MANA LINE రుణాలు, వసూళ్లు మరియు నగదు కదలికలను నమోదు చేస్తుంది. వ్యాపారం మిమ్మల్ని గుర్తించడానికి మీ పేరు, మొబైల్ నంబర్, చిరునామా, ఫోటో మరియు గుర్తింపు వివరాలు నిల్వ చేయబడతాయి. మీరు చూసే డబ్బు సంఖ్యలను మీ వ్యాపారం నమోదు చేస్తుంది, MANA LINE కాదు.\n\nమీ డేటా మీరు సభ్యులుగా ఉన్న వ్యాపారం యజమాని మరియు ఏజెంట్లకు మాత్రమే కనిపిస్తుంది. సెట్టింగ్‌ల నుండి మీ ఖాతాను ఆఫ్ చేయమని లేదా తొలగించమని అడగవచ్చు.\n\nపూర్తి నిబంధనలు & గోప్యతా విధానం ఖరారు చేయబడుతున్నాయి మరియు విడుదలకు ముందు యాప్‌లో ప్రచురించబడతాయి.
their_mlid_field~|~Their MLID~|~వారి MLID
time~|~Time~|~సమయం
timeline~|~Timeline~|~కాలక్రమం
to_agent_id_field~|~To Agent ID *~|~ఏజెంట్ ఐడికి *
to_agent_name_field~|~To Agent Name *~|~ఏజెంట్ పేరుకు *
to_agent_note~|~To {name}~|~{name}కు
today_summary~|~Today Summary~|~నేటి సారాంశం
todays_business_summary~|~Today's Business Summary~|~నేటి వ్యాపార సారాంశం
todays_collection_total~|~Today's Collection Total~|~నేటి వసూలు మొత్తం
todays_collections~|~Today's Collections~|~నేటి వసూళ్లు
todays_collections_label~|~Today's Collections~|~నేటి వసూళ్లు
todays_collections_total~|~Today's Collections Total~|~నేటి మొత్తం వసూళ్లు
todays_difference~|~Today's Difference~|~నేటి తేడా
todays_due~|~Today's Due~|~నేటి బకాయి
todays_expenses~|~Today's Expenses~|~నేటి ఖర్చులు
todays_investments~|~Today's Investments~|~నేటి పెట్టుబడులు
todays_loan_distribution~|~Today's Loan Distribution~|~నేటి రుణ పంపిణీ
todays_loans~|~Today's Loans~|~నేటి రుణాలు
todays_outstanding~|~Today's Outstanding~|~నేటి బాకీ
todays_route~|~Today's Route~|~నేటి మార్గం
todays_target~|~Today's Target~|~నేటి లక్ష్యం
todays_withdrawals~|~Today's Withdrawals~|~నేటి ఉపసంహరణలు
total~|~Total~|~మొత్తం
total_already_paid_field~|~Total Already Paid (₹)~|~ఇప్పటికే చెల్లించిన మొత్తం (₹)
total_amount~|~Total Amount~|~మొత్తం సొమ్ము
total_amount_note~|~Everything you are holding — cash, UPI, bank and cheque. Submitting hands it to the Owner; the money moves when they approve.~|~మీ వద్ద ఉన్న మొత్తం — నగదు, UPI, బ్యాంక్, చెక్. సమర్పిస్తే యజమానికి వెళ్తుంది; వారు ఆమోదించినప్పుడు సొమ్ము బదిలీ అవుతుంది.
total_balance~|~Total Balance~|~మొత్తం బ్యాలెన్స్
total_collected_last_100~|~Total Collected (Last 100)~|~మొత్తం వసూలు (చివరి 100)
total_collections~|~Total Collections~|~మొత్తం వసూళ్లు
total_due~|~Total Due~|~మొత్తం బకాయి
total_expenses~|~Total Expenses~|~మొత్తం ఖర్చులు
total_instalments_field~|~Total Instalments *~|~మొత్తం వాయిదాలు *
total_interest~|~Total Interest~|~మొత్తం వడ్డీ
total_interest_earned~|~Total Interest Earned~|~మొత్తం సంపాదించిన వడ్డీ
total_investment_balance~|~Total Investment Balance~|~మొత్తం పెట్టుబడి నిల్వ
total_issued~|~Total Issued~|~మొత్తం జారీ చేసినది
total_issued_hint~|~the whole obligation = given + interest + fee~|~మొత్తం బాధ్యత = ఇచ్చినది + వడ్డీ + ఫీజు
total_loans_given~|~Total Loans Given~|~మొత్తం ఇచ్చిన రుణాలు
total_loans_issued~|~Total Loans Issued~|~మొత్తం జారీ చేసిన రుణాలు
total_note~|~Total: {amount}~|~మొత్తం: {amount}
total_outstanding~|~Total Outstanding~|~మొత్తం బాకీ
total_processing_fee~|~Total Processing Fee~|~మొత్తం ప్రాసెసింగ్ ఫీజు
total_profit_amount~|~Total Profit Amount~|~మొత్తం లాభం మొత్తం
town~|~Town~|~పట్టణం
transaction_history~|~Transaction History~|~లావాదేవీల చరిత్ర
transfer_agent~|~Transfer Agent~|~ఏజెంట్ బదిలీ చేయండి
transfer_business_note~|~They have to accept before anything moves. Settle your own agent cash and review any waiting settlements first.~|~ఏదైనా కదిలే ముందు వారు అంగీకరించాలి. ముందుగా మీ స్వంత ఏజెంట్ నగదును సెటిల్ చేసి, వేచి ఉన్న సెటిల్‌మెంట్లను సమీక్షించండి.
transfer_this_business_question~|~Transfer This Business?~|~ఈ వ్యాపారాన్ని బదిలీ చేయాలా?
transfer_to_agent~|~Transfer To Agent~|~ఏజెంట్‌కు బదిలీ చేయండి
transfers_in~|~Received From Agents~|~ఏజెంట్ల నుండి అందినది
transfers_out~|~Given To Agents~|~ఏజెంట్లకు ఇచ్చినది
trash~|~Trash~|~ట్రాష్
truncated_sheets_note~|~Some sheets were too large and were cut to {rows} rows: {sheets}. This backup is incomplete.~|~కొన్ని షీట్‌లు చాలా పెద్దవి కావడంతో {rows} వరుసలకు కత్తిరించబడ్డాయి: {sheets}. ఈ బ్యాకప్ అసంపూర్ణం.
type_field~|~Type~|~రకం
type_note~|~Type: {type}~|~రకం: {type}
unable_to_connect_note~|~Unable to connect. Please check your internet connection and try again.~|~కనెక్ట్ చేయలేకపోయాము. దయచేసి మీ ఇంటర్నెట్ కనెక్షన్ తనిఖీ చేసి మళ్లీ ప్రయత్నించండి.
unable_to_load_settlement~|~Unable to load settlement figures.~|~సెటిల్‌మెంట్ సంఖ్యలు లోడ్ చేయలేకపోయాము.
unit~|~Unit~|~యూనిట్
universal_search~|~Universal Search~|~యూనివర్సల్ శోధన
unread~|~Unread~|~చదవనివి
unread_count_note~|~Unread ({count})~|~చదవనివి ({count})
until_date~|~Until {date}~|~{date} వరకు
until_submitted~|~until submitted~|~సమర్పించే వరకు
update~|~Update~|~అప్‌డేట్ చేయండి
update_amount~|~Update {amount}~|~{amount} నవీకరించండి
update_contact_info~|~Update Contact Info~|~సంప్రదింపు వివరాలు నవీకరించండి
upi~|~UPI~|~UPI
upi_balance~|~UPI Balance~|~UPI నిల్వ
upi_collected~|~UPI Collected~|~వసూలు చేసిన UPI
upload_document~|~Upload Document~|~పత్రం అప్‌లోడ్ చేయండి
upload_pdf~|~Upload PDF~|~PDF అప్‌లోడ్ చేయండి
upload_photo~|~Upload a Photo~|~ఫోటో అప్‌లోడ్ చేయండి
use_alt_pin_digit~|~Use {n}-digit PIN instead~|~{n}-అంకెల పిన్ ఉపయోగించండి
use_my_location~|~Use My Location~|~నా స్థానాన్ని ఉపయోగించండి
use_other_pin_length~|~Use {digits}-digit PIN instead~|~బదులుగా {digits}-అంకెల పిన్ ఉపయోగించండి
use_your_location_question~|~Use Your Location?~|~మీ స్థానాన్ని ఉపయోగించాలా?
username_field~|~Username *~|~యూజర్‌నేమ్ *
verification_session_lost~|~Your verification session was lost. Please go back and start again from the beginning.~|~మీ ధృవీకరణ సెషన్ కోల్పోయింది. దయచేసి వెనక్కి వెళ్లి మొదటి నుండి మళ్లీ ప్రారంభించండి.
verified~|~Verified~|~ధృవీకరించబడింది
verify~|~Verify~|~ధృవీకరించండి
verify_button~|~Verify~|~ధృవీకరించండి
verify_password~|~Verify Password~|~పాస్‌వర్డ్ ధృవీకరించండి
view~|~View~|~చూడండి
view_documents~|~View Documents~|~పత్రాలు చూడండి
view_live_photo~|~View Live Photo~|~లైవ్ ఫోటో చూడండి
view_loan~|~View Loan~|~రుణం చూడండి
view_statement~|~View Statement~|~స్టేట్‌మెంట్ చూడండి
view_transactions~|~View Transactions~|~లావాదేవీలు చూడండి
village~|~Village~|~గ్రామం
village_added_note~|~Village added and selected.~|~గ్రామం జోడించి ఎంచుకున్నారు.
village_already_existed_note~|~That village already existed — selected it.~|~ఆ గ్రామం ఇప్పటికే ఉంది — దాన్ని ఎంచుకున్నారు.
village_book~|~Village Book~|~గ్రామ పుస్తకం
village_customer_order_note~|~Village and customer order are set by your Owner — this route cannot be reordered.~|~గ్రామం మరియు కస్టమర్ క్రమాన్ని మీ యజమాని నిర్ణయిస్తారు — ఈ మార్గాన్ని తిరిగి క్రమబద్ధీకరించలేరు.
village_name_field~|~Village Name~|~గ్రామం పేరు
village_needs_pin_note~|~A village needs a PIN code so it can be found again later.~|~తర్వాత మళ్లీ కనుగొనడానికి గ్రామానికి పిన్ కోడ్ అవసరం.
village_not_found_add_it~|~"{query}" not found — add it~|~"{query}" కనుగొనబడలేదు — దాన్ని జోడించండి
village_required_field~|~Village *~|~గ్రామం *
village_search_by_pin~|~PIN~|~పిన్
village_search_by_state_district~|~Name~|~పేరు
village_town_name_field~|~Village/Town Name *~|~గ్రామం/పట్టణం పేరు *
villages~|~Villages~|~గ్రామాలు
villages_limited_to_pin_helper~|~Villages shown are limited to this PIN~|~చూపిన గ్రామాలు ఈ పిన్ కోడ్‌కు పరిమితం
visible_to_support_only~|~Visible to Support only — never shown to the registrant.~|~సపోర్ట్‌కు మాత్రమే కనిపిస్తుంది — నమోదు చేసేవారికి ఎప్పుడూ చూపబడదు.
visit_outcome~|~Visit Outcome~|~సందర్శన ఫలితం
visit_percent~|~Visit {percent}%~|~సందర్శన {percent}%
visit_reason_field~|~Visit Reason *~|~సందర్శన కారణం *
waiting_for_upi_app~|~Waiting for UPI app…~|~UPI యాప్ కోసం వేచి ఉంది…
waiting_for_your_response~|~Waiting for your response.~|~మీ స్పందన కోసం వేచి ఉంది.
waiting_on_owner~|~Waiting On Owner~|~యజమాని కోసం వేచి ఉన్నాం
waiting_to_be_accepted~|~Waiting to Be Accepted~|~అంగీకారం కోసం వేచి ఉంది
waive_fully~|~Waive Fully~|~పూర్తిగా మాఫీ చేయండి
waive_note~|~Owner-only action — a higher-trust concession than applying the penalty in the first place.~|~యజమాని మాత్రమే చేయగల చర్య — జరిమానా విధించడం కంటే ఎక్కువ నమ్మక స్థాయి రాయితీ.
waive_reduce~|~Waive/Reduce~|~మాఫీ/తగ్గించండి
waive_reduce_penalty~|~Waive / Reduce Penalty~|~జరిమానా మాఫీ / తగ్గించండి
waived_reduced~|~Waived/Reduced~|~మాఫీ/తగ్గించబడింది
wants_to_join_as_note~|~Wants to join {business} as {role}~|~{business}లో {role}గా చేరాలనుకుంటున్నారు
wants_to_withdraw_note~|~Wants to withdraw {amount}~|~{amount} ఉపసంహరించుకోవాలనుకుంటున్నారు
warnings_may_proceed~|~Warnings (May Proceed)~|~హెచ్చరికలు (కొనసాగవచ్చు)
web_home_agent_app_body~|~Collections, routes and closing the day all happen in the MANA LINE app. Install it and sign in with your usual mobile number to get going.~|~
web_home_agent_app_title~|~Get MANA LINE On Your Phone~|~
web_home_secondary_app_body~|~Everything here works on your phone too, in the MANA LINE app. Install it whenever it suits you.~|~
web_home_secondary_app_title~|~Also Available On Mobile~|~
web_route_unavailable_action~|~Get The App~|~
web_route_unavailable_back~|~Back To Home~|~
web_route_unavailable_body~|~This page only exists in the MANA LINE app on your phone. Head back to your account here, or get the app to see everything.~|~
web_route_unavailable_title~|~This Screen Is In The App~|~
weekly~|~Weekly~|~వారానికొకసారి
weeks~|~Weeks~|~వారాలు
welcome~|~Welcome~|~స్వాగతం
welcome_back~|~Welcome Back~|~మళ్ళీ స్వాగతం
what_this_records~|~What This Records~|~ఇది ఏమి నమోదు చేస్తుంది
what_was_done~|~What Was Done~|~ఏమి చేయబడింది
which_kind_of_loan~|~Which Kind of Loan?~|~ఏ రకమైన రుణం?
who_paid_optional~|~Who Paid (Optional)~|~ఎవరు చెల్లించారు (ఐచ్ఛికం)
who_works_village_note~|~Who works {village}?~|~{village}లో ఎవరు పని చేస్తారు?
will_be_saved_as~|~Will be saved as:~|~ఇలా సేవ్ అవుతుంది:
will_be_suspended~|~Will Be Suspended~|~సస్పెండ్ చేయబడుతుంది
withdraw~|~Withdraw~|~ఉపసంహరించండి
withdrawal_history~|~Withdrawal History~|~ఉపసంహరణ చరిత్ర
withdrawal_requests~|~Withdrawal Requests~|~ఉపసంహరణ అభ్యర్థనలు
withdrawal_requests_title~|~Withdrawal Requests~|~ఉపసంహరణ అభ్యర్థనలు
withdrawal_split_note~|~{interest} from unpaid interest, {principal} from principal.~|~చెల్లించని వడ్డీ నుండి {interest}, అసలు నుండి {principal}.
withdrawal_submitted_note~|~Withdrawal request submitted — pending Owner approval.~|~ఉపసంహరణ అభ్యర్థన సమర్పించబడింది — యజమాని ఆమోదం కోసం పెండింగ్.
withdrawal_to~|~Withdrawal To~|~ఉపసంహరణ ఇచ్చినది
withdrawal_type~|~Withdrawal Type~|~ఉపసంహరణ రకం
withdrawals~|~Withdrawals~|~ఉపసంహరణలు
withdrawals_investor~|~Withdrawals (Investor)~|~ఉపసంహరణలు (పెట్టుబడిదారు)
withdrawals_waiting~|~Withdrawals Waiting On You~|~మీ కోసం వేచి ఉన్న ఉపసంహరణలు
workforce~|~Workforce~|~శ్రామికులు
workforce_management~|~Workforce Management~|~శ్రామిక నిర్వహణ
working_this_round~|~Working This Round~|~ఈ రౌండ్‌లో పనిచేస్తున్నవారు
workspace_information~|~Workspace Information~|~వర్క్‌స్పేస్ సమాచారం
write_off_note~|~This closes a Defaulted loan and writes off the remaining balance of {amount}. Owner-only action.~|~ఇది డిఫాల్ట్ అయిన రుణాన్ని మూసివేసి మిగిలిన బ్యాలెన్స్ {amount}ను రైట్-ఆఫ్ చేస్తుంది. యజమాని మాత్రమే చేయగల చర్య.
written_off_note~|~Loan written off. No penalty recorded as collected.~|~రుణం రైట్-ఆఫ్ చేయబడింది. ఏ జరిమానా వసూలు చేసినట్లు నమోదు కాలేదు.
yearly_compound~|~Yearly Compound~|~వార్షిక చక్రవడ్డీ
yearly_equivalent~|~Yearly Equivalent~|~వార్షిక సమానం
yes~|~Yes~|~అవును
yes_enable~|~Yes, Enable~|~అవును, ప్రారంభించండి
yes_im_registered~|~Yes, I'm registered~|~అవును, నేను నమోదు అయ్యాను
you_collected~|~You Collected~|~మీరు వసూలు చేసినది
your_activity_only_note~|~Your own activity on this business. Not the full business history.~|~ఈ వ్యాపారంలో మీ స్వంత కార్యకలాపాలు మాత్రమే. పూర్తి వ్యాపార చరిత్ర కాదు.
your_business_fits_here~|~Your business fits here.~|~మీ వ్యాపారం ఇక్కడ సరిపోతుంది.
your_business_today~|~Your Business Today~|~ఈ రోజు మీ వ్యాపారం
your_mana_line_id~|~Your MANA LINE ID~|~మీ మానా లైన్ ఐడి
